broadcastInfo,category,geo,loc_id,naver_address,naver_title,post,thumUrl,title
"{'name': None, 'menu': None}","['음식점', '카페,디저트']","[126.3091564, 33.4636041]",123931088309657,제주특별자치도 제주시 애월읍 애월리 2550-2,하이엔드제주,33000,http://ldb.phinf.naver.net/20180820_180/1534725719343mgCe8_JPEG/7Dpv9yEHdNaHt0NlKZ59v-9F.jpg,하이엔드 제주
"{'name': None, 'menu': None}","['음식점', '한식']","[126.6854923, 33.5452575]",904034483050375,제주특별자치도 제주시 조천읍 북촌리 1570-3,현우식당,38,,현우식당
"{'name': '테이스티로드시즌3', 'menu': '뷔페'}","['음식점', '뷔페']","[126.4079489, 33.2469269]",296185561106842,제주특별자치도 서귀포시 색달동 3039-3 3층,호텔신라제주 더파크뷰,389,http://blogfiles.naver.net/20160223_50/vaius_1456218098388FjMHV_JPEG/IMG_5080_copy.jpg#550x412,더 파크뷰 (The Parkview)
"{'name': None, 'menu': None}","['음식점', '카페,디저트']","[126.8068015, 33.5563014]",681546069,제주특별자치도 제주시 구좌읍 행원리 1482-2,주네가네,4263,http://ldb.phinf.naver.net/20181020_242/1540008812585EAdrl_JPEG/5_O3WHVSsQ6pURWB-MR-hiK-.JPG.jpg,주네가네 키친&카페
"{'name': None, 'menu': None}","['한식', '돼지고기구이']","[126.9198704, 33.4692784]",89626013,제주특별자치도 서귀포시 성산읍 오조리 367-1,복자씨연탄구이,4336,http://ldb.phinf.naver.net/20151113_9/1447394678847FAWvV_JPEG/167063553457368_0.jpg,복자씨연탄구이
"{'name': None, 'menu': None}","['카페,디저트', '카페']","[126.9206556, 33.4497182]",1225673774197599,제주특별자치도 서귀포시 성산읍 고성리 238,스타벅스 제주성산DT점,4470,http://ldb.phinf.naver.net/20151112_294/1447316784020fNqpg_JPEG/167062575643581_0.jpeg,스타벅스 제주성산dt점
"{'name': None, 'menu': None}","['음식점', '양식']","[126.2278008, 33.389944]",1627633797526584,제주특별자치도 제주시 한림읍 금능리 1494-3,피어22,4493,,피어22
"{'name': None, 'menu': None}","['카페,디저트', '카페']","[126.3108241, 33.4620403]",160252934913083,제주특별자치도 제주시 애월읍 애월리 2489,투썸플레이스 제주애월한담점,4523,http://ldb.phinf.naver.net/20180109_51/1515476188652XF0tm_PNG/93A32lIMP3Q1NOkxyiG_VwR4.png,애월해안가
"{'name': None, 'menu': None}","['음식점', '양식']","[126.3818635, 33.485516]",1701104596567112,제주특별자치도 제주시 애월읍 구엄리 505,제주크랩잭,4916,http://ldb.phinf.naver.net/20170919_231/1505828749418ftyp0_JPEG/5a_fAhIRib0bntTNocjcF1CJ.jpg,크랩잭제주
"{'name': None, 'menu': None}","['음식점', '햄버거']","[126.2402878, 33.3935893]",251335348755257,제주특별자치도 제주시 한림읍 협재리 2447-27,랍스타벅스,1343,http://ldb.phinf.naver.net/20180706_78/1530848959217cNxf7_JPEG/HAOMWHkq2vkY51BU9HA_i356.JPG.jpg,랍스타벅스
"{'name': None, 'menu': None}","['카페,디저트', '베이커리']","[126.5111414, 33.2517061]",246051929356779,제주특별자치도 서귀포시 서호동 1476-1,베이크샵스니프,422,http://ldb.phinf.naver.net/20190112_290/1547274468753IvaoJ_JPEG/PCvKE5pjF66WOPjxUdZGJelj.jpeg.jpg,베이크샵스니프 bakeshop sniff
"{'name': None, 'menu': None}","['카페,디저트', '베이커리']","[126.6716378, 33.5421168]",898712897001144,제주특별자치도 제주시 조천읍 함덕리 270-1,오드랑베이커리,431,http://ldb.phinf.naver.net/20180305_26/1520231619675oOAMR_PNG/xGaNf71X--q7uhqZA9XwUrsU.png,오드랑 베이커리
"{'name': None, 'menu': None}","['음식점', '한식']","[126.5328742, 33.4893384]",556710404527085,제주특별자치도 제주시 이도2동 2034-7,형돈,435,http://ldb.phinf.naver.net/20170302_181/1488421633521iUDSH_JPEG/186252515732420_0.jpeg,형돈
"{'name': None, 'menu': None}","['일식', '일식당']","[126.6651787, 33.5425721]",323874351472718,제주특별자치도 제주시 조천읍 함덕리 1252-55,새우조나단,440,http://ldb.phinf.naver.net/20180330_124/1522392278922rmbj8_PNG/FyjK8wDgDJ_tD8oAyQYfSGju.png,새우조나단
"{'name': None, 'menu': None}","['일식', '카레']","[126.3810921, 33.4842503]",344590096297465,제주특별자치도 제주시 애월읍 구엄리 509,사이카레,1366,http://ldb.phinf.naver.net/20181023_280/1540257029361HHWMG_JPEG/-Er6GyK6VntWtKDElExBVGuR.jpg,사이카레
"{'name': None, 'menu': None}","['일식', '돈가스']","[126.884752, 33.526578]",586835775016219,제주특별자치도 제주시 구좌읍 하도리 1767,살찐고등어,451,http://ldb.phinf.naver.net/20180414_81/1523682072443O17gb_JPEG/H_tVrgLEtAs2PndLLt7G_Vu_.jpg,살찐고등어
"{'name': None, 'menu': None}","['음식점', '한식']","[126.5525554, 33.4723592]",204650190100591,제주특별자치도 제주시 아라2동 821-2,시머폿,49,http://ldb.phinf.naver.net/20170510_170/1494389940148HVzsH_JPEG/186459553727331_0.jpeg,시머폿
"{'name': None, 'menu': None}","['일식', '일식당']","[126.83957, 33.5360421]",1420722414727528,제주특별자치도 제주시 구좌읍 평대리 2022-5,레이식당,580,http://ldb.phinf.naver.net/20170206_215/1486342535971U48ok_JPEG/186156498555854_0.jpeg,레이식당
"{'name': '식신로드1', 'menu': '순대백반'}","['한식', '순대,순대국']","[126.716942, 33.2784123]",151478110,제주특별자치도 서귀포시 남원읍 남원리 139-9,범일분식,582,http://ldb.phinf.naver.net/20190423_210/15560302688773LFtP_JPEG/6pCD2RFjKokmSQGV9LFxvkNC.jpeg.jpg,범일분식
"{'name': None, 'menu': None}","['음식점', '카페,디저트']","[126.5395295, 33.5121785]",2204098069821716,제주특별자치도 제주시 일도2동 149-21,Marone Dessert,59,http://ldb.phinf.naver.net/20180329_292/1522253258165OgR9n_JPEG/uSAgMhr5Oz-BTjLIeRTdGJi1.JPG.jpg,마로네디저트
"{'name': '좋은아침', 'menu': '문어라면'}","['분식', '라면']","[126.3102121, 33.4624776]",130491352,제주특별자치도 제주시 애월읍 애월리 2530,놀맨,8603,http://ldb.phinf.naver.net/20151104_215/1446624320861Snnnw_JPEG/167054573539376_0.jpg,Nolman
"{'name': None, 'menu': None}","['음식점', '햄버거']","[126.655053, 33.5489909]",649835335218825,제주특별자치도 제주시 조천읍 신흥리 15-4 무거버거,무거버거,6171,http://ldb.phinf.naver.net/20170916_141/15055273941655GUzn_PNG/2cQlcONo1zuvx3KH9JBVaNOw.png,무거버거Moogerburger
"{'name': '생생정보통', 'menu': '고기국수'}","['한식', '국수']","[126.532339, 33.508072]",1844005,제주특별자치도 제주시 일도2동 1034-10,자매국수,6255,http://ldb.phinf.naver.net/20151104_171/1446624433493AMYVB_JPEG/167054573732547_0.jpg,자매국수
"{'name': None, 'menu': None}","['음식점', '양식']","[126.7864123, 33.4715896]",1371726006222773,제주특별자치도 제주시 구좌읍 송당리 1389-4,친봉산장,6409,http://ldb.phinf.naver.net/20170318_10/1489809074504Jup6c_JPEG/186268528133183_2.jpeg,친봉산장
"{'name': None, 'menu': None}","['음식점', '카페,디저트']","[126.4858668, 33.4684408]",264734000767022,제주특별자치도 제주시 노형동 128,그러므로part2,6777,http://ldb.phinf.naver.net/20180724_269/1532441427995RlA3C_JPEG/M0GTOC0RZ3YDnn6-FaQNg83X.jpg,그러므로part.2
"{'name': None, 'menu': None}","['음식점', '한식']","[126.4138569, 33.2573821]",441429008,제주특별자치도 서귀포시 색달동 2277-3,기원뚝배기,674,http://ldb.phinf.naver.net/20190528_128/1559003634070KwkEx_JPEG/gtzN84-WJ0pypgKI9UaDxL_t.jpg,기원뚝배기
"{'name': None, 'menu': None}","['음식점', '카페,디저트']","[126.7958807, 33.5557493]",908166339361583,제주특별자치도 제주시 구좌읍 월정리 540 2층,머문,698,http://ldb.phinf.naver.net/20181016_179/1539687228572XmXkM_JPEG/nPcbJDVKkvb5U_Yb9IWHMNWk.jpg,머문카페
"{'name': None, 'menu': None}","['음식점', '햄버거']","[126.254082, 33.3073624]",1012742798,제주특별자치도 제주시 한경면 청수리 746-8,양가형제,7706,http://ldb.phinf.naver.net/20160403_128/1459652839913W9mBb_JPEG/176353523737315_0.jpeg,양가형제
"{'name': None, 'menu': None}","['한식', '육류,고기요리']","[126.8437169, 33.3249419]",1136120886541790,제주특별자치도 서귀포시 표선면 표선리 40-40,흑돼지고을참숯구이,9,http://ldb.phinf.naver.net/20180628_162/15301748880571mTF6_JPEG/ALhchE_DXu4UcunjrKdD5WUG.JPG.jpg,흑돼지고을
"{'name': '생방송오늘저녁', 'menu': '흑돼지구이'}","['한식', '돼지고기구이']","[126.801263, 33.389215]",1020696465,제주특별자치도 서귀포시 표선면 성읍리 580,성읍칠십리식당,924,http://ldb.phinf.naver.net/20190227_70/1551248406340H5fgD_JPEG/uiWttXZz-FUHChuEGpl9iC1b.jpeg.jpg,성읍칠십리식당
"{'name': None, 'menu': None}","['음식점', '카페,디저트']","[126.7690781, 33.3066181]",2307396082611711,제주특별자치도 서귀포시 남원읍 신흥리 274-1,알맞은 시간,927,http://ldb.phinf.naver.net/20180905_111/1536123877914nq9f0_JPEG/jzYGhzEpRzfH0jsfrSeX37jT.jpeg.jpg,알맞은시간
"{'name': None, 'menu': None}","['음식점', '카페,디저트']","[126.6999973, 33.4865522]",262775620933733,제주특별자치도 제주시 조천읍 선흘리 2085,카페2085,939,http://ldb.phinf.naver.net/20190109_300/1546964871574M2Cgy_JPEG/WfrTV3rxIjwBHC1pD9bdnqdh.jpg,카페 2085
"{'name': None, 'menu': None}","['일식', '일식당']","[126.4858737, 33.4513225]",192501279,제주특별자치도 제주시 노형동 291-21,황금손가락,1584,http://ldb.phinf.naver.net/20190425_132/1556151978346W50wY_JPEG/mGlpAJ6LuHinU6IQ-A3RDlmo.jpg,황금손가락
"{'name': None, 'menu': None}","['음식점', '한식']","[126.3389712, 33.4675991]",337937683638132,제주특별자치도 제주시 애월읍 고내리 1105-1,제주 김만복 애월점,970,http://ldb.phinf.naver.net/20180524_287/1527151055727Kewt8_JPEG/KxO36aCmOuognJl7twH4b5w8.jpg,제주 김만복김밥 애월
"{'name': None, 'menu': None}","['한식', '돼지고기구이']","[126.4895175, 33.4893418]",318782083,제주특별자치도 제주시 연동 261-10,88돼지,1602,http://blogfiles.naver.net/20160305_4/keadie00_1457153260456UIOTf_JPEG/20160227_210942.jpg#900x506,88돼지
"{'name': None, 'menu': None}","['카페,디저트', '카페']","[126.8443579, 33.5330301]",171979900160566,제주특별자치도 제주시 구좌읍 평대리 2005,르토아 베이스먼트,1921,http://ldb.phinf.naver.net/20190122_77/15481554329352EQBM_JPEG/ansgQlhvUQm02YwRT6agPrRB.jpg,르토아 베이스먼트
"{'name': '수요미식회', 'menu': '고기국수'}","['한식', '국수']","[126.4972849, 33.4914999]",547342872271265,제주특별자치도 제주시 연동 301-19,올래국수,1973,http://ldb.phinf.naver.net/20150831_289/1440987559385HJY3p_JPEG/156155406353614_0.jpg,올래국수
"{'name': None, 'menu': None}","['카페,디저트', '홍차전문점']","[126.6159469, 33.2420628]",614554272232648,제주특별자치도 서귀포시 하효동 1447,서양차관,1977,http://ldb.phinf.naver.net/20180716_108/1531733759464mmlyP_JPEG/TLuBTP9Z_AAhhX6aLnF1KaCu.jpg,서양차관
"{'name': None, 'menu': None}","['한식', '육류,고기요리']","[126.9165891, 33.4476074]",242225073124298,제주특별자치도 서귀포시 성산읍 고성리 329-8,복댕이,122,http://ldb.phinf.naver.net/20181016_251/1539701441782TjVRg_JPEG/image.jpg,제주흑돼지 복댕이
"{'name': None, 'menu': None}","['한식', '육류,고기요리']","[126.5822076, 33.2478847]",1837155609944392,제주특별자치도 서귀포시 토평동 551-2,서귀포흑돈,126,http://ldb.phinf.naver.net/20181202_228/1543721114133muyc4_JPEG/it7TRGFnm37eKI01e9UzmtIt.JPG.jpg,서귀포흑돈
"{'name': None, 'menu': None}","['음식점', '카페,디저트']","[126.8629432, 33.5248342]",260225284480695,제주특별자치도 제주시 구좌읍 하도리 3200-12,카페한라산,13200,http://ldb.phinf.naver.net/20181112_184/1541985911795RyF77_JPEG/FAD7trdjakSYAaQm9HR3MCTp.JPG.jpg,카페한라산
"{'name': '기분좋은날', 'menu': '블루베리케이크'}","['카페,디저트', '카페']","[126.4311058, 33.4936461]",1372299979446985,제주특별자치도 제주시 외도2동 341-2,니모메빈티지라운지,13400,http://blogfiles.naver.net/MjAxNzA3MjBfMjEw/MDAxNTAwNTM2NTM1MTQx.E24ovv_w-TSnUdDJsB2_0F7P-EjwdtKcl1PVM2OQOzYg.jT1-meyOssUC0UM2bh7H_QfGo-j3SZCas21vwq-NClAg.JPEG.wlsl995511/%B4%CF%B8%F0%B8%DE%BA%F3%C6%BC%C1%F6%B6%F3%BF%EE%C1%F6_%285%29.JPG#900x900,니모메빈티지라운지
"{'name': None, 'menu': None}","['음식점', '퓨전음식']","[126.6635395, 33.2726154]",1018277272,제주특별자치도 서귀포시 남원읍 위미리 1768-3,위미요망진식탁,13500,http://ldb.phinf.naver.net/20180128_224/151711524806997YmR_JPEG/YTkJ-q5s48FugKQbQz5VOpmx.jpeg.jpg,위미2리 동백군락지
"{'name': '백종원의3대천왕', 'menu': '당근케이크'}","['음식점', '카페,디저트']","[126.7927141, 33.556184]",366772940502443,제주특별자치도 제주시 구좌읍 월정리 417,구좌상회,18563,http://ldb.phinf.naver.net//20170115_45/1484467270781p4awk_JPEG/IMG_1211.JPG,구좌상회
"{'name': '2016테이스티로드', 'menu': '청포도에이드'}","['카페,디저트', '카페']","[126.8374256, 33.5374388]",156859881561814,제주특별자치도 제주시 구좌읍 평대리 2033-1,카페마니,1084,http://ldb.phinf.naver.net/20190527_4/1558947314046Isek5_JPEG/sVmPMqbPefwjux0yPoK1XJnl.jpg,카페 마니
"{'name': None, 'menu': None}","['음식점', '한식']","[126.5252368, 33.2567701]",142620086271199,제주특별자치도 서귀포시 호근동 1831-6,행복한 시저네,156,http://ldb.phinf.naver.net/20150902_42/1441122464956aL1Mj_JPEG/SUBMIT_1401942001266_35075788.jpg,행복한 시저네
"{'name': '수요미식회', 'menu': '전복구이'}","['한식', '전복요리']","[126.850163, 33.5325353]",279801240,제주특별자치도 제주시 구좌읍 평대리 515-28,명진전복,16200,http://ldb.phinf.naver.net/20180206_16/1517892891337Yog2l_PNG/pRWbtMIWn648ndtpS9apN-Ee.png,명진전복
"{'name': None, 'menu': None}","['일식', '일식당']","[126.5062823, 33.2561339]",149580169077192,제주특별자치도 서귀포시 강정동 146-4 신서귀포빌 지하 1층,코우,163,http://ldb.phinf.naver.net/20180621_216/1529543751024s9PDg_JPEG/G4WB8vX9kZgcBx53Qoh78wrs.jpg,서귀포 코우
"{'name': None, 'menu': None}","['음식점', '이탈리아음식']","[126.2634103, 33.4101173]",1015328105,제주특별자치도 제주시 한림읍 한림리 1534-6,밥깡패,19600,http://ldb.phinf.naver.net/20180520_65/1526777026191XaNNI_JPEG/TxVcgPY0vTvMrDYKpJESi2ts.JPG.jpg,밥깡패
"{'name': None, 'menu': None}","['음식점', '햄버거']","[126.3072, 33.4482513]",641716833,제주특별자치도 제주시 애월읍 곽지리 1669-1,몬스터살롱,1118,http://ldb.phinf.naver.net/20190114_127/15474722870235nGoL_JPEG/cgTJ8ptOVcO_ErmJ6WuUJyyk.jpg,몬스터살롱
"{'name': None, 'menu': None}","['음식점', '양식']","[126.6640377, 33.541786]",335729926803191,제주특별자치도 제주시 조천읍 함덕리 1209-1,호끌락다락,2054,http://blogfiles.naver.net/MjAxODA1MjdfMTAx/MDAxNTI3Mzk0MjYzNTIz.FwMvStg_ZghLWyW3lkHF4DXmFy3C-UOYsAFKRUkQQLgg.AXps2rs-_7B-4vSlCk_IewSK16-HwamfvcMe4zokPy4g.JPEG.olivia_1125/1527394222094.jpg#900x898,호끌락다락
"{'name': None, 'menu': None}","['한식', '돼지고기구이']","[126.4548451, 33.2430069]",564530213743584,제주특별자치도 서귀포시 하원동 1633-2,꺼멍목장,2073,http://ldb.phinf.naver.net/20180919_44/1537318859013YAhKU_JPEG/D7pd78LrH2zpRiBe_gDDi6PI.jpg,꺼멍목장
"{'name': None, 'menu': None}","['음식점', '카페,디저트']","[126.5702468, 33.4781647]",301521270335691,제주특별자치도 제주시 월평동 1348-3 중선농원 커피템플,커피템플,2263,http://ldb.phinf.naver.net/20180111_79/1515654865511ENh5Q_JPEG/sSTBHaOAgm0fr20KZWXpPe30.JPG.jpg,커피템플
"{'name': None, 'menu': None}","['술집', '요리주점']","[126.522822, 33.516864]",268939554,제주특별자치도 제주시 삼도2동 9-1,일통이반,2280,http://blogfiles.naver.net/20160705_288/tema1215_1467702390854bLsQf_JPEG/IMG_9608.JPG#1280x725,일통이반
"{'name': '식신로드3', 'menu': '통갈치구이'}","['음식점', '한식']","[126.4377173, 33.2635817]",241229586401177,제주특별자치도 서귀포시 중문동 1239-5,운정이네중문점,1139,http://ldb.phinf.naver.net/20151124_272/1448353269073UqSkt_JPEG/167074575125998_16.jpg,운정이네 중문
"{'name': None, 'menu': None}","['음식점', '한식']","[126.8119761, 33.5570435]",778028869,제주특별자치도 제주시 구좌읍 행원리 575-15,어등포해녀촌,1147,http://ldb.phinf.naver.net/20181113_52/1542095191922KPTYK_JPEG/3ZSWYtXPKUzK1O3GcAADQ5Gg.JPG.jpg,어등포 해녀촌
"{'name': None, 'menu': None}","['카페,디저트', '카페']","[126.541528, 33.4765825]",232640163947984,제주특별자치도 제주시 아라1동 6044-3,롱리브,2559,http://ldb.phinf.naver.net/20190406_65/1554506124724WMbAi_JPEG/kWXEslwrdtd2yOLmr5Y0oiP2.jpeg.jpg,Longlive
"{'name': None, 'menu': None}","['일식', '카레']","[126.3020579, 33.4484804]",1888206604781148,제주특별자치도 제주시 애월읍 금성리 472-5,심바카레,2792,http://ldb.phinf.naver.net/20170525_92/1495690416101b1HC3_JPEG/186474565579077_0.jpeg,심바카레
"{'name': None, 'menu': None}","['음식점', '한식']","[126.6277241, 33.2638287]",403739569994540,제주특별자치도 서귀포시 남원읍 하례리 343-1,황금부엌,20,http://blogfiles.naver.net/20160602_247/yhangel1004_1464835109698yN8pH_JPEG/IMG_8186.jpg#936x624,황금부엌
"{'name': None, 'menu': None}","['음식점', '한식']","[126.5892139, 33.2676639]",267941931,제주특별자치도 서귀포시 토평동 1290,동성식당,213,http://blogfiles.naver.net/20160314_259/choash_1457962622468EpIts_JPEG/DSCF2909.jpg#900x599,동성식당
"{'name': None, 'menu': None}","['음식점', '치킨,닭강정']","[126.4908456, 33.4867534]",1018863947,제주특별자치도 제주시 연동 273-35,땅땅치킨 연동점,23,http://ldb.phinf.naver.net/20190117_61/1547710997331AfJCV_JPEG/Hpp0jYP81t7Rs_EG9RnGTs7K.jpg,땅땅치킨연동점
"{'name': None, 'menu': None}","['한식', '냉면']","[126.4704082, 33.4818646]",134760743874918,제주특별자치도 제주시 노형동 2469,제주올레냉면 제주점,233,http://ldb.phinf.naver.net/20180319_11/1521426618187LqpKe_PNG/X-0ocqMQKkClAy9P_VZSyAYp.png,제주올레냉면 제주점
"{'name': None, 'menu': None}","['음식점', '한식']","[126.377302, 33.483999]",1007834657,제주특별자치도 제주시 애월읍 구엄리 606,흑돼지명가,27,http://ldb.phinf.naver.net/20180124_200/1516781637697Nhw1Q_JPEG/EjItiQ1H3oSMDxJGBlD6WIOC.JPG.jpg,흑돼지 명가
"{'name': None, 'menu': None}","['음식점', '카페,디저트']","[126.5096133, 33.5092892]",2361783680717297,제주특별자치도 제주시 용담2동 626-8,돌카롱,274,http://ldb.phinf.naver.net/20190604_90/15596154850633FEqE_JPEG/lUl5e7m38WuIzXaR3ILaCdyB.jpg,돌카롱
"{'name': None, 'menu': None}","['음식점', '한식']","[126.3904154, 33.4877456]",248951062461609,제주특별자치도 제주시 애월읍 하귀2리 2740-8,제주광해 애월점,292,http://ldb.phinf.naver.net/20181125_84/1543133577461rDRO8_JPEG/9MKzbp00ycdHJ7wZ06FNwi0e.PNG.jpg,제주광해
"{'name': None, 'menu': None}","['일식', '일식당']","[126.5362284, 33.4961658]",1021088594,제주특별자치도 제주시 이도2동 1063-6,마구로쇼쿠도,3139,http://ldb.phinf.naver.net/20171220_84/15137510265280NaYr_JPEG/ARLlL8zWO6NJXYCPFjDq-kB1.jpg,마구로쇼쿠도
"{'name': None, 'menu': None}","['한식', '해물,생선요리']","[126.562149, 33.245087]",222016881,제주특별자치도 서귀포시 서귀동 486-4,기억나는집,3268,http://blogfiles.naver.net/20160222_177/j2ng2000_1456126222526UUnbJ_JPEG/IMG_4816.JPG#740x555,서귀포 기억나는집
"{'name': '2016테이스티로드', 'menu': '감귤스무디'}","['음식점', '카페,디저트']","[126.2419056, 33.3952357]",237662695,제주특별자치도 제주시 한림읍 협재리 1732,쉼표,3900,http://ldb.phinf.naver.net/20170221_20/148764593664807Hzm_JPEG/IMG_2947.jpg,제주쉼표
"{'name': None, 'menu': None}","['한식', '한정식']","[126.6177325, 33.2637173]",837212446415828,제주특별자치도 서귀포시 하효동 128-1 1층 바굥식당,바굥식당,314,http://ldb.phinf.naver.net/20180616_224/1529142540307FAygT_JPEG/1KFoBWEwz1WrWwUE2MuMC6e9.jpeg.jpg,바굥식당
"{'name': None, 'menu': None}","['음식점', '카페,디저트']","[126.3905641, 33.4847361]",375148782831773,제주특별자치도 제주시 애월읍 하귀2리 2721-4,CAFE가호,1588,,Cafe가호
"{'name': None, 'menu': None}","['한식', '돼지고기구이']","[126.6666805, 33.5417179]",583031291903077,제주특별자치도 제주시 조천읍 함덕리 1271,저팔계깡통연탄구이,283,http://ldb.phinf.naver.net/20190315_95/1552585467878Th83Q_JPEG/_s7yBtABv7ITih2EpQTmuewt.jpg,저팔계깡통연탄구이
"{'name': '찾아라맛있는TV', 'menu': '방어'}","['한식', '생선회']","[126.2497839, 33.217709]",515625315,제주특별자치도 서귀포시 대정읍 하모리 770-29,미영이네식당,2487,http://ldb.phinf.naver.net/20161101_35/1477988679503xfJKT_JPEG/177051575454675_0.jpeg,미영이네식당
"{'name': None, 'menu': None}","['음식점', '이탈리아음식']","[126.1984188, 33.3655524]",1001025176739073,제주특별자치도 제주시 한경면 판포리 2881-3,돌담너머바다,164,http://ldb.phinf.naver.net/20181102_262/1541162270398zKICm_JPEG/mF4dHTN10zCdU75xH3zUdngb.jpg,돌담너머바다
"{'name': None, 'menu': None}","['음식점', '한식']","[126.2497168, 33.3998549]",893899950,제주특별자치도 제주시 한림읍 협재리 1398 아길라호텔 1층,면뽑는선생만두빚는아내,1732,http://blogfiles.naver.net/20160519_141/rubeena_1463623302521s45f3_JPEG/IMG_7230.JPG#900x600,면뽑는선생만두빚는아내
"{'name': None, 'menu': None}","['중식', '중식당']","[126.8544036, 33.5239873]",620542125032754,제주특별자치도 제주시 구좌읍 세화리 1521-17,다래향,8,http://blogfiles.naver.net/20160818_30/enjoy8942_1471514248444RCly5_JPEG/20160806_134323.jpg#740x416,다래향
"{'name': None, 'menu': None}","['한식', '국수']","[126.6484569, 33.2719685]",600291470450801,제주특별자치도 서귀포시 남원읍 위미리 4150-1,동선제면가,163,http://ldb.phinf.naver.net/20190519_293/1558199065187TEbP7_JPEG/1mVkpG0ZGGjM3Dls6xK5EKBv.jpeg.jpg,동선제면가
"{'name': '배틀트립', 'menu': '간장새우밥/전복볶음밥/육쌈동치미'}","['음식점', '한식']","[126.3942623, 33.2667632]",450240762094027,제주특별자치도 서귀포시 상예동 1765-1,오전열한시,2501,http://ldb.phinf.naver.net/20180727_268/1532690032447EcyVW_JPEG/Y6R_y1eC7vm4RHULID0JNO_M.jpeg.jpg,오전열한시
"{'name': '생활의달인', 'menu': '국수'}","['한식', '국수']","[126.530101, 33.5068841]",1053763,제주특별자치도 제주시 일도2동 1045-12,삼대국수회관 본점,1772,http://ldb.phinf.naver.net/20150831_8/1441030567794QaY3D_JPEG/156155406268099_0.jpg,삼대국수회관
"{'name': None, 'menu': None}","['음식점', '이탈리아음식']","[126.3199125, 33.4640179]",857626224416702,제주특별자치도 제주시 애월읍 애월리 1587,애월리안,403,http://ldb.phinf.naver.net/20190425_140/1556152360591dVqOn_JPEG/KakaoTalk_20190425_075133095.jpg,애월리안
"{'name': None, 'menu': None}","['음식점', '카페,디저트']","[126.875713, 33.5291466]",667698793425582,제주특별자치도 제주시 구좌읍 하도리 3075,카페W3075,1094,http://ldb.phinf.naver.net/20190226_299/1551149562910W3VI8_JPEG/cYewBx3t3wm3KHHg9Sag7aXI.jpg,W3075
"{'name': None, 'menu': None}","['카페,디저트', '베이커리']","[126.5254387, 33.5169426]",281080858966149,제주특별자치도 제주시 건입동 1441,앙뚜아네트,2377,http://ldb.phinf.naver.net/20180306_30/1520301258703G1eJY_JPEG/jLimqclv2bPKnylbbBWixOh8.jpg,앙뚜아네트
"{'name': None, 'menu': None}","['음식점', '인도음식']","[126.6324033, 33.5351725]",228767120944224,제주특별자치도 제주시 조천읍 조천리 3217-1,리하의커리,576,http://ldb.phinf.naver.net/20181022_171/1540198213990Xt1U7_JPEG/5jPob5D_-HGLW9NdVy14Annb.jpg,리하의커리
"{'name': None, 'menu': None}","['음식점', '브런치']","[126.5356425, 33.4896575]",211103123021870,제주특별자치도 제주시 이도2동 1999-14,문문선,976,http://ldb.phinf.naver.net/20180616_231/1529136175165j3CuG_JPEG/BPxfz_PxuWgO8RGoXZH1lWV0.jpg,문문선
"{'name': None, 'menu': None}","['음식점', '한식']","[126.6670375, 33.5403583]",803280023160047,제주특별자치도 제주시 조천읍 함덕리 992,창흥식당,27,http://ldb.phinf.naver.net/20180321_103/1521629603780Ln03f_JPEG/IiZZLz9vXnPzEae6lI7oiEO4.jpg,함덕 창흥식당  제주시 조천읍 함덕16길 15
"{'name': None, 'menu': None}","['음식점', '한식']","[126.2646154, 33.4113965]",1782686441779892,제주특별자치도 제주시 한림읍 한림리 940-3,인생밥집,1024,http://ldb.phinf.naver.net/20170517_114/149503178807976CSN_JPEG/186467636646574_0.jpeg,인생밥집
"{'name': None, 'menu': None}","['분식', '종합분식']","[126.533339, 33.513298]",517365882107889,제주특별자치도 제주시 일도2동 993-2,서희원꼬지닷컴제주동초등교점,172,,제주동
"{'name': None, 'menu': None}","['카페,디저트', '베이커리']","[126.5905114, 33.2444438]",395366737741816,제주특별자치도 서귀포시 보목동 1453,보래드 베이커스,201,http://ldb.phinf.naver.net/20190618_41/1560832318797XXzsB_JPEG/lmRD7qvYELv1l3ZdXdUufUya.jpg,보래드베이커스
"{'name': None, 'menu': None}","['음식점', '카페,디저트']","[126.1837199, 33.3382646]",333818797326460,제주특별자치도 제주시 한경면 신창리 1054-4,쓰쓰카페,116,http://ldb.phinf.naver.net/20190710_180/15627345325324Sfxj_JPEG/78GBHDoL9pmpbPTxCjmnv0z8.jpeg.jpg,쓰쓰카페
"{'name': None, 'menu': None}","['한식', '국수']","[126.4783625, 33.4878096]",514647188903939,제주특별자치도 제주시 노형동 1279-1,자매국수노형점,1389,http://ldb.phinf.naver.net/20190726_138/1564151977117C6QD9_JPEG/-OeEhwQAE2W2ti_tSHwGu1at.jpeg.jpg,자매국수 노형점
"{'name': '6시내고향', 'menu': '보라성게'}","['한식', '해물,생선요리']","[126.6022836, 33.238015]",370346006411705,제주특별자치도 서귀포시 보목동 590-6,섶섬할망카페,1545,http://blogfiles.naver.net/20150219_180/prettysy34_1424289258693mkteb_JPEG/1423991882497.jpeg#480x270,섶섬할망카페
"{'name': None, 'menu': None}","['중식', '중식당']","[126.5225985, 33.5130286]",1918935608424163,제주특별자치도 제주시 삼도2동 73-1,하르방짬뽕,108,,하르방짬뽕
"{'name': None, 'menu': None}","['분식', '종합분식']","[126.2587967, 33.409193]",1022366722,제주특별자치도 제주시 한림읍 한림리 1479-4 1층,명랑스낵,6340,http://ldb.phinf.naver.net/20180209_86/1518136522380FuY5e_PNG/CC-OncbA_7HxIeZCf_eWEoHV.png,명랑스낵
"{'name': None, 'menu': None}","['음식점', '브런치']","[126.7948479, 33.5560984]",649668629,제주특별자치도 제주시 구좌읍 월정리 551,월정리에서브런치,3197,http://ldb.phinf.naver.net/20150910_263/1441844964109TLtM6_JPEG/166855503651763_0.jpeg,월정리에서 브런치
"{'name': None, 'menu': None}","['음식점', '카페,디저트']","[126.3525926, 33.311119]",1434009863308735,제주특별자치도 서귀포시 안덕면 동광리 259-3,바램,7625,http://ldb.phinf.naver.net/20170613_46/1497326378669UhHbC_JPEG/186562558946605_0.jpeg,바램목장&카페
"{'name': None, 'menu': None}","['한식', '돼지고기구이']","[126.6671247, 33.5413058]",589709625,제주특별자치도 제주시 조천읍 함덕리 1001,깡촌흑돼지,2244,http://ldb.phinf.naver.net/20190718_94/1563420622943K5Pww_JPEG/tDNYHca5VpvbRleOvCUqZ2Pb.jpg,깡촌흑돼지
"{'name': None, 'menu': None}","['일식', '일식당']","[126.4052893, 33.4237538]",760981890693573,제주특별자치도 제주시 애월읍 유수암리 1040-5,아루요,268,http://ldb.phinf.naver.net/20151113_29/1447396074985tUzNC_JPEG/167063555773265_0.jpg,아루요
"{'name': None, 'menu': None}","['한식', '생선회']","[126.2498272, 33.2179003]",277110425,제주특별자치도 서귀포시 대정읍 하모리 770-50,만선식당,2136,http://blogfiles.naver.net/20160201_78/woomimar_1454325849267RoLmK_JPEG/attachImage_2472718063.jpeg#740x554,모슬포항 만선식당
"{'name': None, 'menu': None}","['음식점', '한식']","[126.6147749, 33.260317]",23970577,제주특별자치도 서귀포시 하효동 751-5,삼다해물뚝배기,162,http://ldb.phinf.naver.net/20150901_122/1441037733409VHtlc_JPEG/SUBMIT_1420009923588_13444901.jpg,삼다해물뚝배기
"{'name': None, 'menu': None}","['음식점', '카페,디저트']","[126.7335912, 33.4334184]",282543629303950,제주특별자치도 제주시 구좌읍 송당리 2635-8,카페 글렌코,320,http://ldb.phinf.naver.net/20181015_55/1539579234029pyrWT_JPEG/tGhYy8GuxOR8v_O9k92fynpZ.jpg,카페 글렌코
"{'name': None, 'menu': None}","['음식점', '카페,디저트']","[126.842206, 33.5318908]",202281120257591,제주특별자치도 제주시 구좌읍 평대리 677-1,카페오길,3823,http://ldb.phinf.naver.net//20170320_68/14899389198852rcPc_JPEG/IMG_3610.JPG,카페오길
"{'name': None, 'menu': None}","['분식', '종합분식']","[126.4975375, 33.4913854]",1545580148863968,제주특별자치도 제주시 연동 311-2,제주분식,511,http://ldb.phinf.naver.net/20181214_116/1544767157129GaMb2_JPEG/itRKAYrVXKmhexiaO8Z7PJqn.JPG.jpg,제주분식
"{'name': None, 'menu': None}","['음식점', '치킨,닭강정']","[126.3911284, 33.4842982]",183882305831094,제주특별자치도 제주시 애월읍 하귀2리 2717,멕시카나치킨 하귀해안로점,6,http://ldb.phinf.naver.net/20190709_255/1562681772511nleB8_JPEG/csdUeWv907edeRNs22Q2iGAo.jpg,멕시카나 하귀해안로점
"{'name': None, 'menu': None}","['음식점', '이탈리아음식']","[126.8440864, 33.5325385]",680803362076189,제주특별자치도 제주시 구좌읍 평대리 2007-1,세러데이아일랜드,5173,http://ldb.phinf.naver.net/20190122_181/1548155458219wqI5B_JPEG/H_CJWzWidpIG0X7QWS6hWwX2.jpg,Saturdayisland
"{'name': None, 'menu': None}","['음식점', '카페,디저트']","[126.6686835, 33.5437281]",1029423048,제주특별자치도 제주시 조천읍 함덕리 1008-1,카페델문도,39900,http://ldb.phinf.naver.net/20160826_163/1472178646647JxGxw_JPEG/176776516063874_2.jpeg,델문도 제주 카페 Cafe Delmoondo
"{'name': None, 'menu': None}","['음식점', '햄버거']","[126.5671209, 33.2492517]",1032720483,제주특별자치도 서귀포시 서귀동 255-9,88버거,1886,http://ldb.phinf.naver.net/20180510_218/1525923516049uq7XC_JPEG/_AwhVEJCGHzLS9dJwTNrQcEW.jpg,88 Burger
"{'name': None, 'menu': None}","['음식점', '한식']","[126.2748829, 33.4366743]",129770061019537,제주특별자치도 제주시 한림읍 귀덕리 3866-1,제주미친흑돈 1호점,271,http://ldb.phinf.naver.net/20161123_272/1479888324670L08XU_JPEG/177073566046266_0.jpeg,제주미친흑돈
"{'name': None, 'menu': None}","['한식', '생선회']","[126.9213927, 33.4384331]",1888135294601851,제주특별자치도 서귀포시 성산읍 고성리 224-14,섭지코지로,1915,http://ldb.phinf.naver.net/20180528_157/15275086756677b3ro_JPEG/ZzpFTPwBO1otm-Pa8KJe2Ogo.JPG.jpg,섭지코지로
"{'name': None, 'menu': None}","['한식', '육류,고기요리']","[126.3897625, 33.4885596]",513353939147452,제주특별자치도 제주시 애월읍 하귀2리 2825,고우니 제주를담다,53,http://ldb.phinf.naver.net/20181023_252/1540277820990IpGvp_JPEG/WpingSHy-160QN01DHd5WBVz.jpg,고우니 제주를 담다
"{'name': None, 'menu': None}","['일식', '일식당']","[126.3702409, 33.4770847]",1913812708855337,제주특별자치도 제주시 애월읍 신엄리 950,잇칸시타,755,http://ldb.phinf.naver.net/20190121_238/1548060616974Pj4C4_JPEG/kMRTqOSfc5JXYpDrl8_5vcXC.jpg,잇칸시타
"{'name': None, 'menu': None}","['카페,디저트', '베이커리']","[126.5460287, 33.4946522]",910947739109427,제주특별자치도 제주시 이도2동 1959-1,카페빠네띠에,49,http://blogfiles.naver.net/20150205_138/sopooong727_1423145759434l9php_JPEG/DSC_1901.jpg#930x620,카페 빠네띠에
"{'name': None, 'menu': None}","['한식', '육류,고기요리']","[126.9156625, 33.4487013]",620688577,제주특별자치도 서귀포시 성산읍 고성리 316-4,삼수정식당,81,http://ldb.phinf.naver.net/20180126_37/15169341336086NSLW_JPEG/mVBOqGHWZmKLi9XMhaKkv5M9.jpg,삼수정
"{'name': None, 'menu': None}","['일식', '돈가스']","[126.9346532, 33.4615455]",465201904235373,제주특별자치도 서귀포시 성산읍 성산리 136-13,성산옥탑,68,http://ldb.phinf.naver.net/20180926_54/1537948782396JMHwQ_JPEG/B3GojbOiuudyGS-cQKKCVur2.jpg,성산옥탑
"{'name': None, 'menu': None}","['한식', '생선회']","[126.475875, 33.2287763]",246738129326702,제주특별자치도 서귀포시 강정동 4686-2,강정포구횟집,34,http://ldb.phinf.naver.net/20180622_223/1529651275463xmudS_JPEG/0QLKqrYaYBedpDSbdqEpWtSl.JPG.jpg,강정포구횟집
"{'name': None, 'menu': None}","['음식점', '양식']","[126.3902284, 33.3036947]",19314405,제주특별자치도 서귀포시 안덕면 상천리 791,비오토피아 레스토랑,8267,http://ldb.phinf.naver.net/20160514_157/1463208343889zA6QE_JPEG/176464557563728_0.jpeg,핀크스 비오토피아
"{'name': None, 'menu': None}","['카페,디저트', '빙수']","[126.6680675, 33.5416156]",987985664,제주특별자치도 제주시 조천읍 함덕리 1002-14,설빙 제주함덕점,6491,http://ldb.phinf.naver.net/20190620_118/15609828652896Rmxm_JPEG/KIoWQGWGlKMqwE2B9kq4LMZT.jpg,Hamdeok Jeju
"{'name': None, 'menu': None}","['음식점', '카페,디저트']","[126.8081701, 33.5540706]",134042910471927,제주특별자치도 제주시 구좌읍 행원리 701 수카사 카페,수카사,3764,http://ldb.phinf.naver.net/20170502_267/1493702623628iUAPx_JPEG/186380604340937_0.jpeg,수카사
"{'name': None, 'menu': None}","['한식', '돼지고기구이']","[126.4330505, 33.2510071]",404505669919721,제주특별자치도 서귀포시 중문동 1884-7,돈사돈 중문점,810,http://blogfiles.naver.net/20160705_253/psiaa3661_1467725335440Wm41O_PNG/14.png#650x489,돈사돈중문점
"{'name': None, 'menu': None}","['한식', '돼지고기구이']","[126.2308655, 33.3331682]",1394593887224601,제주특별자치도 제주시 한경면 조수리 254-1,제주돗,4255,,제주돗
"{'name': None, 'menu': None}","['일식', '일식당']","[126.5175698, 33.4877952]",263714497,제주특별자치도 제주시 오라2동 959-1,스시 호시카이,4502,http://ldb.phinf.naver.net/20150901_121/1441094942507tUdcM_JPEG/SUBMIT_1395625537824_34407856.jpg,스시 호시카이             Sushi Hoshikai
"{'name': None, 'menu': None}","['음식점', '카페,디저트']","[126.281473, 33.3084196]",1012561256,제주특별자치도 제주시 한경면 저지리 3267,할로비치,15900,http://ldb.phinf.naver.net/20190103_262/1546483432296YUrKd_JPEG/y7bPYC_N981HFeprk1xJ_cuI.JPG.jpg,할로비치
"{'name': None, 'menu': None}","['카페,디저트', '베이커리']","[126.2655418, 33.4073731]",860227737492296,제주특별자치도 제주시 한림읍 동명리 1576-7,이익새양과점,9710,http://ldb.phinf.naver.net/20170430_199/1493540861870a4kBi_JPEG/186380575761749_0.jpeg,이익새양과점
"{'name': None, 'menu': None}","['음식점', '한식']","[126.8352184, 33.5384639]",1685639805097123,제주특별자치도 제주시 구좌읍 한동리 10-38,말젯문,663,http://ldb.phinf.naver.net/20190430_30/1556601103581XCFDX_JPEG/f9cTJ2g4amf1H31T27HVVcYZ.jpeg.jpg,말젯문
"{'name': None, 'menu': None}","['음식점', '양식']","[126.3778487, 33.4414401]",246728759335504,제주특별자치도 제주시 애월읍 소길리 573-1,다다의작은공간,189,http://ldb.phinf.naver.net/20190101_126/1546312509222dzR7o_JPEG/s9lI0pBrzjmNEh6JM-Vty9OF.jpeg.jpg,다다의 작은공간
"{'name': None, 'menu': None}","['음식점', '브런치']","[126.2613079, 33.2271564]",2014170728799375,제주특별자치도 서귀포시 대정읍 상모리 3243,커피캄머,3576,http://ldb.phinf.naver.net/20190718_210/156343117860795EVR_JPEG/20190716_125224.jpg,커피캄머
"{'name': None, 'menu': None}","['음식점', '카페,디저트']","[126.5094369, 33.5089706]",316280802657702,제주특별자치도 제주시 용담2동 626-10,다랑쉬,70,http://ldb.phinf.naver.net/20190516_55/1557996529621jQA2G_JPEG/FZhPOmT0u9kPtllMvOw2yFjs.jpeg.jpg,다랑쉬 Darangshe
"{'name': None, 'menu': None}","['분식', '라면']","[126.7942188, 33.5561678]",183064838843715,제주특별자치도 제주시 구좌읍 월정리 565,소곱에,274,http://blogfiles.naver.net/20160328_116/jeons1007_1459151847252EjgGh_JPEG/P1220520.JPG#740x555,소곱에
"{'name': None, 'menu': None}","['음식점', '치킨,닭강정']","[126.5628226, 33.2504144]",194486198141067,제주특별자치도 서귀포시 서귀동 278-10,마농치킨,108,http://ldb.phinf.naver.net/20180917_97/1537158081408WU8sw_JPEG/mKVHqlLuDVtHIPhvRKwZfUr1.jpg,마농치킨
"{'name': None, 'menu': None}","['음식점', '카페,디저트']","[126.2915011, 33.4354485]",457771218376019,제주특별자치도 제주시 한림읍 귀덕리 1502,제주플레이그라운드,17,http://ldb.phinf.naver.net/20190516_138/1557990375295ElP2N_JPEG/yqEWdmVohgXaDPqu4XF0xWig.jpg,제주플레이그라운드
"{'name': None, 'menu': None}","['음식점', '카페,디저트']","[126.5644902, 33.2449571]",344599149438722,제주특별자치도 서귀포시 서귀동 551-3,빌라드아토,105,http://ldb.phinf.naver.net/20170719_201/1500476116228qqzdB_JPEG/186669638535973_0.jpeg,VILLA DE ATO
"{'name': None, 'menu': None}","['한식', '해물,생선요리']","[126.8635081, 33.5251055]",168335704107407,제주특별자치도 제주시 구좌읍 하도리 3200-14,별방촌,34,http://ldb.phinf.naver.net/20150901_170/1441070279112xXzjn_JPEG/157155523153507_0.jpg,별방촌
"{'name': None, 'menu': None}","['음식점', '치킨,닭강정']","[126.4931297, 33.4907683]",212349539244741,제주특별자치도 제주시 연동 281-17,모니카옛날통닭,129,http://blogfiles.naver.net/20160520_27/kh1126m_1463744329583Ktbdf_JPEG/20160520_183326_HDR.jpg#480x270,모니카옛날통닭
"{'name': None, 'menu': None}","['분식', '김밥']","[126.6651787, 33.5425721]",190838671846374,제주특별자치도 제주시 조천읍 함덕리 1252-55 오션그랜드 호텔 1층,순전이 해녀김밥,285,http://ldb.phinf.naver.net/20181209_187/1544331702973Kxz0b_JPEG/4c_zlsv_63uxhS6FPQFXLGHt.jpg,제주 순전이 해녀김밥
"{'name': None, 'menu': None}","['음식점', '한식']","[126.842013, 33.528067]",1006816526173058,제주특별자치도 제주시 구좌읍 평대리 827-4,비지곶식당,42,http://blogfiles.naver.net/20160426_134/new4159_1461642937803twLqN_JPEG/20160409_105957.jpg#740x416,비지곶식당
"{'name': '생방송투데이', 'menu': '회국수/성게국수'}","['한식', '국수']","[126.709913, 33.55355]",390465518197869,제주특별자치도 제주시 구좌읍 동복리 1502-1,해녀촌,3035,http://ldb.phinf.naver.net/20151104_165/1446624563573euQMC_JPEG/167054573942105_0.jpg,해녀촌
"{'name': None, 'menu': None}","['음식점', '양식']","[126.2652735, 33.3208258]",110298876354445,제주특별자치도 제주시 한경면 저지리 2969-18,맛있는폴부엌,1193,http://ldb.phinf.naver.net/20170816_300/15028226843183DxSG_JPEG/n8OYQp9OFqxScyKN9uT8Xmz3.jpg,맛있는폴부엌
"{'name': None, 'menu': None}","['음식점', '카페,디저트']","[126.4111527, 33.2501742]",2007045179575551,제주특별자치도 서귀포시 색달동 2822-2 신우성타운 내 라동,카페세렌디,1306,http://ldb.phinf.naver.net/20170612_249/1497235017545SgeUJ_JPEG/186559544376510_0.jpeg,카페세렌디
"{'name': None, 'menu': None}","['음식점', '한식']","[126.2524826, 33.2214478]",120369588,제주특별자치도 서귀포시 대정읍 하모리 923-4,영해식당,195,http://blogfiles.naver.net/20150415_187/kkangmiya_1429102893471Lhu8E_JPEG/YC3A6684.jpg,영해식당
"{'name': None, 'menu': None}","['일식', '일식당']","[126.5370679, 33.2452404]",365443373997079,제주특별자치도 서귀포시 호근동 477-4,하찌,171,http://ldb.phinf.naver.net/20180112_20/1515749123654Ixqy1_JPEG/kxqDbvEN8Yav-fOcVpFe_Qif.jpg,하찌
"{'name': None, 'menu': None}","['일식', '일식당']","[126.3390679, 33.4633237]",1958344554399652,제주특별자치도 제주시 애월읍 고내리 1039-4,만지식당,1676,http://ldb.phinf.naver.net/20170920_28/1505910630537TOYuc_JPEG/odP1L-zq7s35OL5DtrSipdHp.jpg,만지식당
"{'name': None, 'menu': None}","['카페,디저트', '베이커리']","[126.5431755, 33.4938938]",405228796604822,제주특별자치도 제주시 이도2동 1965-5,비엔누아즈,160,http://ldb.phinf.naver.net/20181105_204/1541398495108Mk6nQ_JPEG/RYkS7VbA5KOEy9zTYyjLBMQ7.jpg,비엔누아즈
"{'name': None, 'menu': None}","['음식점', '카페,디저트']","[126.460765, 33.5000801]",183103962198336,제주특별자치도 제주시 이호1동 634-3,주비,128,http://ldb.phinf.naver.net/20180306_247/1520297655577w6Fkf_JPEG/sFCY_kad4jGTLJDE6Cr5Ncmj.jpg,카페주비  JUBI
"{'name': None, 'menu': None}","['분식', '종합분식']","[126.4751964, 33.4786161]",463806954144020,제주특별자치도 제주시 노형동 3813-5,참맛나김밥,161,http://ldb.phinf.naver.net/20180814_276/1534222163650f4oqo_JPEG/PDS_PdOtpMjizhYD3H4gAMcn.jpg,참맛나김밥
"{'name': None, 'menu': None}","['음식점', '한식']","[126.3084657, 33.4516211]",138744320,제주특별자치도 제주시 애월읍 곽지리 1540-2,꽃밥,825,http://blogfiles.naver.net/20160624_245/shinyk153_1466739451268NvGH5_JPEG/P1110031%C1%A6%C1%D6%B2%C9%B9%E4.JPG#800x534,꽃밥
"{'name': None, 'menu': None}","['분식', '종합분식']","[126.2546762, 33.2216736]",212780276172212,제주특별자치도 서귀포시 대정읍 하모리 824-3,모슬포에서,300,,모슬포 에서
"{'name': None, 'menu': None}","['카페,디저트', '카페']","[126.9354406, 33.4628916]",218296687,제주특별자치도 서귀포시 성산읍 성산리 109-11,스타벅스 성산일출봉점,3389,http://ldb.phinf.naver.net/20151112_294/1447316784020fNqpg_JPEG/167062575643581_0.jpeg,스타벅스 성산일출봉점
"{'name': '수요미식회', 'menu': '갈치국'}","['한식', '해물,생선요리']","[126.5595481, 33.2485091]",426442,제주특별자치도 서귀포시 서귀동 320-9,네거리식당,2598,http://ldb.phinf.naver.net/20151114_235/1447431658800UgCos_JPEG/167064415077407_0.jpg,네거리식당
"{'name': None, 'menu': None}","['일식', '일식당']","[126.4788184, 33.4775448]",238808283644335,제주특별자치도 제주시 노형동 746-7,복닥키친,79,http://ldb.phinf.naver.net/20190215_268/1550197958350409Nr_JPEG/hvQoPtqnNxE_wN7tjAQI4fIR.jpeg.jpg,복닥키친
"{'name': '2016테이스티로드', 'menu': '돌문어덮밥'}","['음식점', '한식']","[126.8371371, 33.5377463]",1025018656,제주특별자치도 제주시 구좌읍 평대리 2031-2,벵디,6428,http://ldb.phinf.naver.net/20190108_244/1546946348075JrKHX_JPEG/tDYf-EVcMbc7AGzVJcHhI0RO.jpg,벵디
"{'name': None, 'menu': None}","['한식', '생선회']","[126.6109142, 33.2410077]",3175931,제주특별자치도 서귀포시 보목동 261,어진이네 횟집,662,,어진이네 횟집
"{'name': None, 'menu': None}","['한식', '돼지고기구이']","[126.4961419, 33.4880443]",448390025353079,제주특별자치도 제주시 연동 302-3,ZZZ제주흑돼지,1946,http://ldb.phinf.naver.net/20160902_2/1472793424561RyWmy_JPEG/176852544724438_0.jpeg,ZZZ 제주흑돼지
"{'name': None, 'menu': None}","['한식', '생선회']","[126.49098, 33.490806]",298196674,제주특별자치도 제주시 연동 271-9,산지물 신제주점,90,http://ldb.phinf.naver.net/20171129_54/1511937844482VuX3G_JPEG/xiiL9msinnMl7JqA2Chrceb5.JPG.jpg,제주향토음식점 산지물 신제주점
"{'name': None, 'menu': None}","['카페,디저트', '카페']","[126.2269149, 33.3351503]",378148135952286,제주특별자치도 제주시 한경면 조수리 1365-5,꼬르메숍,491,,꼬르메숍
"{'name': None, 'menu': None}","['한식', '전복요리']","[126.92225, 33.4698179]",768266,제주특별자치도 서귀포시 성산읍 오조리 3,오조해녀의집,569,http://ldb.phinf.naver.net/20150831_67/1441004253100SLB0K_PNG/11609038_0.png,오조해녀의집
"{'name': None, 'menu': None}","['한식', '돼지고기구이']","[126.2602658, 33.4133233]",126579314436081,제주특별자치도 제주시 한림읍 한림리 1590-6,도민상회본점,1394,http://ldb.phinf.naver.net/20190604_67/1559630812380D4HmQ_JPEG/sYbSU_WiPt_ahQQboheHcZ86.jpeg.jpg,도민상회
"{'name': None, 'menu': None}","['음식점', '한식']","[126.5202376, 33.5140494]",279003288,제주특별자치도 제주시 삼도2동 1069-2,정성듬뿍제주국,505,,정성듬뿍 제주국
"{'name': None, 'menu': None}","['한식', '육류,고기요리']","[126.5852, 33.521608]",163991780817056,제주특별자치도 제주시 삼양2동 2135-6,모두락화로구이,3,,모두락화로구이
"{'name': None, 'menu': None}","['음식점', '치킨,닭강정']","[126.5638204, 33.2491919]",400745063627394,제주특별자치도 서귀포시 서귀동 275-37,한라통닭,24,http://blogfiles.naver.net/20160305_102/wo0419_1457171377712p0WkI_JPEG/20150627_182307_HDR.jpg#4160x3120,한라통닭
"{'name': None, 'menu': None}","['한식', '생선회']","[126.26095, 33.423085]",268087023656298,제주특별자치도 제주시 한림읍 한수리 914-9,전망대횟집,271,http://ldb.phinf.naver.net/20180208_287/1518085170161C7Vv8_JPEG/DYvjFNvwxPLaN3Yr-_OJq-2M.jpeg.jpg,전망대횟집
"{'name': '6시내고향', 'menu': '고기국수'}","['한식', '국수']","[126.532241, 33.508036]",3245396,제주특별자치도 제주시 일도2동 1034-19,국수마당,2611,http://ldb.phinf.naver.net/20190109_32/1547029712710SK6R1_JPEG/tJp5Ro0_A_ro84d58k8qdtHY.jpg,국수마당
"{'name': None, 'menu': None}","['음식점', '카페,디저트']","[126.1772852, 33.3448931]",1939711369672507,제주특별자치도 제주시 한경면 신창리 1293-1,클랭블루,667,http://ldb.phinf.naver.net/20190716_86/1563246669391PUTvz_JPEG/9y_vCMQ5R-Y1MQu-2j3caDdP.jpeg.jpg,클랭블루갤러리
"{'name': None, 'menu': None}","['분식', '떡볶이']","[126.641006, 33.2648296]",755542697943183,제주특별자치도 서귀포시 남원읍 신례리 58-1,호꼼스낵,162,http://ldb.phinf.naver.net/20180519_61/15266557873774snQW_JPEG/zU-BK2AsuQg5stuUZ4-qq2I9.jpg,카페 호꼼
"{'name': None, 'menu': None}","['음식점', '카페,디저트']","[126.1800996, 33.2691404]",281770795801124,제주특별자치도 서귀포시 대정읍 신도리 2349-13,미쁜제과,795,http://ldb.phinf.naver.net/20180801_298/15330988081557YoO7_JPEG/IAk74Z_g1J6M6hMtW54L8Hps.jpeg.jpg,미쁜제과
"{'name': None, 'menu': None}","['한식', '돼지고기구이']","[126.8424897, 33.3254318]",927423544,제주특별자치도 서귀포시 표선면 표선리 44-9,흑돼지삼형제,117,http://ldb.phinf.naver.net/20180604_268/15280680021341kMIV_JPEG/OaetRdgehtdHaJmspE4n1FK_.jpg,흑돼지삼형제
"{'name': None, 'menu': None}","['한식', '돼지고기구이']","[126.5410508, 33.4937973]",21169273,제주특별자치도 제주시 아라2동 3014-1,돈풍년,203,http://blogfiles.naver.net/20160606_193/sseotaiji_146521313017156hjq_JPEG/DSC_0677.JPG#930x618,돈풍년
"{'name': None, 'menu': None}","['음식점', '카페,디저트']","[126.2448654, 33.3992827]",197959230869685,제주특별자치도 제주시 한림읍 협재리 1455,사유적가드닝 협재식물원,4853,,협재식물원
"{'name': None, 'menu': None}","['음식점', '카페,디저트']","[126.4300632, 33.2543631]",2085580354855021,제주특별자치도 서귀포시 중문동 1737-5,카페 무채색,279,http://ldb.phinf.naver.net/20190308_129/1552034097761lOwz4_JPEG/1s5JW4RboikIvXEqvlw5JMt7.jpeg.jpg,cafe_muchaesaek
"{'name': None, 'menu': None}","['음식점', '카페,디저트']","[126.3095591, 33.4624361]",574292817,제주특별자치도 제주시 애월읍 애월리 2540,봄날,10100,http://ldb.phinf.naver.net/20170714_25/1500005488422zRPfP_JPEG/186664534146680_0.jpeg,애월 Bomnal
"{'name': None, 'menu': None}","['카페,디저트', '베이커리']","[126.5088432, 33.5161795]",1424861630967849,제주특별자치도 제주시 용담3동 503-5,앙뚜아네트 용담점,2378,http://ldb.phinf.naver.net/20181129_8/1543460144775KQBPc_JPEG/Jp-3A5k3wOibnPvFSrDdeU6s.JPG.jpg,Antoinette
"{'name': None, 'menu': None}","['한식', '국수']","[126.4893179, 33.5185792]",2118753488430053,제주특별자치도 제주시 용담삼동 2380,달꿈국수,11,http://ldb.phinf.naver.net/20190520_246/1558310904069keJO4_JPEG/WeI9uoFVbpjIsO_b8WJ_Zx5E.jpg,달꿈국수
"{'name': None, 'menu': None}","['음식점', '브런치']","[126.4495882, 33.4970778]",264154850740625,제주특별자치도 제주시 이호1동 1786-1,아일랜드팩토리 리메인,264,,아일랜드팩토리 리메인
"{'name': None, 'menu': None}","['분식', '김밥']","[126.5178471, 33.5152919]",2255078381200936,제주특별자치도 제주시 삼도2동 1158-36,제주김만복 동문시장점,83,http://ldb.phinf.naver.net/20190528_82/1559026406592xxNPf_JPEG/pPZnNGzq9KpGd8FdRpJCIMVf.JPG.jpg,제주 김만복
"{'name': None, 'menu': None}","['음식점', '양식']","[126.773913, 33.4683896]",257617244637619,제주특별자치도 제주시 구좌읍 송당리 1581-1,치저스,2783,http://ldb.phinf.naver.net/20181025_47/15404766343332y5EO_JPEG/KOW1ewa-L0nG2L2-XPqeL0oi.jpg,치저스 제주
"{'name': None, 'menu': None}","['음식점', '한식']","[126.8931, 33.491875]",412633834,제주특별자치도 제주시 구좌읍 종달리 2566-1,종달수다뜰,757,http://ldb.phinf.naver.net/20150820_22/1440047254822kfnkP_JPEG/SUBMIT_1440047038538_36898347.jpg,종달수다뜰
"{'name': None, 'menu': None}","['음식점', '한식']","[126.25045, 33.218293]",481585728856735,제주특별자치도 서귀포시 대정읍 하모리 770-43,제주인의밥상,84,http://ldb.phinf.naver.net/20161216_168/1481847420036tWuvs_JPEG/177164564153334_0.jpeg,제주인의밥상
"{'name': None, 'menu': None}","['음식점', '한식']","[126.519607, 33.498909]",291842661237692,제주특별자치도 제주시 삼도1동 569-27,대우정,337,http://ldb.phinf.naver.net/20150831_26/1441003977308o0u8Q_JPEG/11607732_0.jpg,대우정식당
"{'name': None, 'menu': None}","['한식', '육류,고기요리']","[126.7719375, 33.3530904]",397405745,제주특별자치도 서귀포시 표선면 가시리 1900-4,가스름식당,221,http://ldb.phinf.naver.net/20171013_12/1507859371481ud52M_JPEG/9qdsx1oT82oqsoS24lzaDrZA.jpg,가스름식당
"{'name': None, 'menu': None}","['한식', '돼지고기구이']","[126.8446991, 33.3247807]",399848470410629,제주특별자치도 서귀포시 표선면 표선리 41,멋진녀석들,78,http://ldb.phinf.naver.net/20180903_47/1535985732427qzSOx_JPEG/FR66omkrFFRhEhjM6lfIY2wY.JPG.jpg,멋진녀석들 표선직영점
"{'name': None, 'menu': None}","['카페,디저트', '카페']","[126.5637711, 33.2445388]",237778191,제주특별자치도 서귀포시 서귀동 581-4,유동커피,8377,http://blogfiles.naver.net/20160712_41/bbosil_1468275482441pAmwL_JPEG/DSC00112.jpg#900x600,유동커피
"{'name': None, 'menu': None}","['분식', '라면']","[126.858276, 33.3719317]",173854893188090,제주특별자치도 서귀포시 성산읍 삼달리 270-4,고래라면,551,http://blogfiles.naver.net/20160308_216/kyung3574_1457440018685SnDPN_PNG/%C1%A6%C1%D6%B6%F3%B8%E91.png#740x496,고래라면
"{'name': None, 'menu': None}","['한식', '전복요리']","[126.5195722, 33.5128095]",1829301927154398,제주특별자치도 제주시 삼도2동 887-1,안녕전복,207,http://ldb.phinf.naver.net/20180810_195/1533909168292mDo03_JPEG/y83ajx3Hlk8kAeazS5Im7ZiB.jpeg.jpg,안녕전복
"{'name': None, 'menu': None}","['음식점', '카페,디저트']","[126.4786941, 33.4777847]",688603078249698,제주특별자치도 제주시 노형동 745-10,Peaceful Jeju,45,http://ldb.phinf.naver.net/20190622_255/1561174871977hjGGq_JPEG/1PpJ5zZ4bm6agvjRCC4SIny0.jpeg.jpg,Peaceful Jeju
"{'name': None, 'menu': None}","['한식', '육류,고기요리']","[126.4922491, 33.4872366]",162381244414094,제주특별자치도 제주시 연동 283-7,미스터와규,33,http://ldb.phinf.naver.net/20180221_8/1519177421542xEwRh_JPEG/UxEEzI5h8ydY2R67qTsooD4M.jpg,미스터와규
"{'name': None, 'menu': None}","['음식점', '카페,디저트']","[126.4885261, 33.4887656]",780904061,제주특별자치도 제주시 연동 261-59,project064다방,1474,http://ldb.phinf.naver.net/20150901_222/14410921354403UFws_JPEG/166470554977817_0.jpeg,Project064다방
"{'name': None, 'menu': None}","['일식', '카레']","[126.2567622, 33.4056373]",153640425065661,제주특별자치도 제주시 한림읍 옹포리 326-3,문쏘,9426,http://ldb.phinf.naver.net/20181214_176/1544773600843WWxHc_JPEG/PbYMVo-Its7qKyRyERZlMI66.jpg,문쏘
"{'name': None, 'menu': None}","['카페,디저트', '카페']","[126.5484675, 33.4755572]",744998375642929,제주특별자치도 제주시 아라1동 6113-16,WithusTravel,1412,http://ldb.phinf.naver.net/20180426_156/1524738911646avEIm_JPEG/-FhA2TW9hXYBV0qXcfPa6HOi.jpeg.jpg,위더스트래블
"{'name': None, 'menu': None}","['한식', '전복요리']","[126.50525, 33.481185]",2413869,제주특별자치도 제주시 오라2동 3103-1,어우늘,235,http://ldb.phinf.naver.net/20150901_89/1441045595012twAeN_JPEG/11816745_0.jpg,어우늘
"{'name': None, 'menu': None}","['음식점', '한식']","[126.9064349, 33.4064792]",1019113785,제주특별자치도 서귀포시 성산읍 온평리 707-2,황로알식당,44,http://blogfiles.naver.net/20160426_53/aevincrea_1461651649910nyUtH_JPEG/1881.JPG#600x400,황로알 제주 흑돼지
"{'name': '생방송아침이좋다', 'menu': '문어라면'}","['분식', '라면']","[126.6439447, 33.5534679]",634996922,제주특별자치도 제주시 조천읍 신흥리 792-1,문개항아리,1671,http://blogfiles.naver.net/20160228_284/ji_eun_kr_1456590703855S4Mlq_JPEG/1456579476839.jpg#650x487,제주 함덕 문개항아리
"{'name': None, 'menu': None}","['한식', '돼지고기구이']","[126.4907855, 33.2348969]",1920568844662759,제주특별자치도 서귀포시 강정동 2623-1,제주곰집,317,http://ldb.phinf.naver.net/20170927_53/1506503415003udDFf_JPEG/pT1ShWBXkIpPinaQKkGc1CTq.JPG.jpg,제주곰집
"{'name': None, 'menu': None}","['한식', '곱창,막창,양']","[126.4886625, 33.4887013]",148041966,제주특별자치도 제주시 연동 261-56,순창갈비,158,http://blogfiles.naver.net/20160424_255/whgusdnr2000_14614593551282Rqu2_JPEG/P20160413_204600665_7B771810-C0CF-4B24-B430-E0B05D31C5C0.JPG#2448x3264,순창갈비
"{'name': None, 'menu': None}","['음식점', '한식']","[126.2642687, 33.4183288]",1032780869,제주특별자치도 제주시 한림읍 대림리 1820-6,차롱,496,http://ldb.phinf.naver.net/20180909_31/1536480138095QAdNC_JPEG/%C2%F7%B7%D5%B3%BB%BA%CE.JPG,차롱
"{'name': '2TV생생정보', 'menu': '제주흑돼지왕돈가스'}","['일식', '돈가스']","[126.5129102, 33.2371582]",622984999,제주특별자치도 서귀포시 법환동 229,올레안뜰,1796,http://ldb.phinf.naver.net/20150902_32/1441125112580m26cn_JPEG/156557628558979_0.jpeg,올레안뜰
"{'name': None, 'menu': None}","['음식점', '카페,디저트']","[126.9021534, 33.4914842]",2060987614167435,제주특별자치도 제주시 구좌읍 종달리 748,모뉴에트,4094,http://ldb.phinf.naver.net/20180816_87/1534414878328jjp51_JPEG/5Froc0dJqTBKxDPy65MyKg5t.jpeg.jpg,모뉴에트
"{'name': None, 'menu': None}","['음식점', '카페,디저트']","[126.4427928, 33.2529713]",1911035882467733,제주특별자치도 서귀포시 회수동 554-2,볼스카페,2288,http://ldb.phinf.naver.net/20180409_80/1523242631309nKHug_JPEG/8tAYdaDdeIs5n8esP5JCgfg2.jpeg.jpg,볼스카페
"{'name': None, 'menu': None}","['한식', '생선회']","[126.57456, 33.255534]",154642846,제주특별자치도 서귀포시 동홍동 473-2,자리돔횟집,440,http://ldb.phinf.naver.net/20180219_270/1519028000523e57dJ_JPEG/yYbFmSynqEttd4RTcFQMiTKF.jpg,자리돔횟집
"{'name': None, 'menu': None}","['카페,디저트', '베이커리']","[126.508712, 33.2362843]",247912305930290,제주특별자치도 서귀포시 법환동 1298-3,카페텐저린,1968,http://ldb.phinf.naver.net/20180714_262/1531570266821nrz7K_JPEG/XE1N09eBmwA9mqGr-9Wkr1FK.jpg,카페텐저린
"{'name': None, 'menu': None}","['한식', '쌈밥']","[126.9206447, 33.4495085]",53300259,제주특별자치도 서귀포시 성산읍 고성리 232,고등어쌈밥,130,http://ldb.phinf.naver.net/20170303_9/1488509987364Ni4f1_JPEG/186253518966539_0.jpeg,고등어쌈밥
"{'name': None, 'menu': None}","['카페,디저트', '카페']","[126.2060462, 33.3693985]",291552464814074,제주특별자치도 제주시 한경면 판포리 1611,울트라마린,1763,http://ldb.phinf.naver.net/20180802_79/1533190305651B1cMT_JPEG/qePKtZ_Rktzg-SRoJwo9HofD.jpg,Ultramarine
"{'name': None, 'menu': None}","['음식점', '한식']","[126.4831242, 33.5105347]",1991983251031553,제주특별자치도 제주시 도두2동 698,돈고팡,562,http://ldb.phinf.naver.net/20170717_33/1500272540505BL74I_JPEG/186667555240400_0.jpeg,돈고팡
"{'name': None, 'menu': None}","['한식', '매운탕,해물탕']","[126.4996987, 33.4879899]",974777,제주특별자치도 제주시 연동 312-27,삼성혈해물탕,2174,http://ldb.phinf.naver.net/20151104_151/1446624382093FLBzR_JPEG/167054573640013_5.jpg,삼성혈해물탕
"{'name': None, 'menu': None}","['일식', '일식당']","[126.4226125, 33.4341138]",1033234688,제주특별자치도 제주시 애월읍 고성리 934,요시노,601,,요시노
"{'name': None, 'menu': None}","['카페,디저트', '카페']","[126.4321717, 33.4875018]",2317140095039919,제주특별자치도 제주시 외도1동 550-4,위즈커피,39,http://ldb.phinf.naver.net/20190218_161/1550469380214BeFts_JPEG/zIBztcvEpiAiQpfCaIqZFz77.jpeg.jpg,위즈커피
"{'name': None, 'menu': None}","['음식점', '카페,디저트']","[126.3687616, 33.4778696]",118645712177200,제주특별자치도 제주시 애월읍 신엄리 963,큐티파이 카페&호텔,1705,http://ldb.phinf.naver.net/20171214_134/1513184564998wad6V_JPEG/0RZztYaPehOlWAdbZe3L1Oq8.jpg,큐티파이카페
"{'name': '생방송투데이', 'menu': '흑돼지구이'}","['한식', '돼지고기구이']","[126.5775249, 33.2551169]",446431879027701,제주특별자치도 서귀포시 토평동 865-1,까망돼지서귀포점,323,http://ldb.phinf.naver.net/20181117_195/1542425755481kHJF6_JPEG/7cdauvRWp2nMDtZJdaWZLCmg.jpg,서귀포 까망돼지
"{'name': None, 'menu': None}","['음식점', '한식']","[126.9358053, 33.4647666]",525206735,제주특별자치도 서귀포시 성산읍 성산리 297-1,성산바다풍경,1118,http://ldb.phinf.naver.net/20181107_114/1541567356803wzgP5_JPEG/_jUwxgbVUG7dOmyCg5anpSEp.jpg,성산바다풍경
"{'name': None, 'menu': None}","['카페,디저트', '베이커리']","[126.2987009, 33.2267812]",1895362463917678,제주특별자치도 서귀포시 안덕면 사계리 2295,불란서식과자점,173,http://ldb.phinf.naver.net/20181226_258/1545808637862nuPJi_JPEG/EoM5usuvazMfVw2hlRz3DByE.JPG.jpg,불란서식과자점사계리
"{'name': None, 'menu': None}","['분식', '김밥']","[126.506213, 33.2325281]",1029513307,제주특별자치도 서귀포시 강정동 707-2 1층,제주김만복 서귀포점,12943,http://ldb.phinf.naver.net/20190710_296/1562743919877YPHfl_JPEG/V1V2R2A2yQghf3WNy62ucIqm.JPG.jpg,제주김만복
"{'name': '2TV저녁생생정보', 'menu': None}","['음식점', '한식']","[126.4313004, 33.249617]",1013269653,제주특별자치도 서귀포시 대포동 747-3,가람돌솥밥,526,http://ldb.phinf.naver.net/20150901_61/1441070477771fDtMl_JPEG/136061538445591_0.jpg,제주도 가람돌솥밥
"{'name': None, 'menu': None}","['카페,디저트', '테이크아웃커피']","[126.4727452, 33.4807159]",1042491462473299,제주특별자치도 제주시 노형동 3806-8,에스프레소 라운지,8770,http://blogfiles.naver.net/MjAxODA4MTlfMTYy/MDAxNTM0Njg1NTk4NDg4.PUxWjKCvGcaJEGBB7y84yf7hu5Cnqpoy5sRIefr_fqcg.G7KDszhzVZzVcl6B2BXR-hivrT9Rw2Ar_9tc-vnIhD0g.JPEG.woosukie/%BF%A1%BD%BA%C7%C1%B7%B9%BC%D2%B6%F3%BF%EE%C1%F6_%C0%CE%BB%E7%C0%CC%B5%E5%B8%B6%C4%CF_%2815%29.jpg#3000x2250,Espresso Lounge
"{'name': None, 'menu': None}","['한식', '비빔밥']","[126.2453809, 33.3989872]",369731110104431,제주특별자치도 제주시 한림읍 협재리 1450-1,안녕협재씨,2971,http://ldb.phinf.naver.net/20181017_202/1539785995546Ufc1J_JPEG/X2swHwQEAUrZn13U7HT4cB2_.jpg,안녕협재씨
"{'name': None, 'menu': None}","['한식', '불닭']","[126.5131215, 33.5025265]",2593324024071078,제주특별자치도 제주시 용담1동 2818-4,불닭공장,15,http://ldb.phinf.naver.net/20181029_162/15407559002831R8St_PNG/y2q79KDD0Qgh_4hQj9BJcGYC.png,불닭공장
"{'name': None, 'menu': None}","['일식', '우동,소바']","[126.7975451, 33.554505]",197093677689458,제주특별자치도 제주시 구좌읍 월정리 23,청춘제면소,95,http://ldb.phinf.naver.net/20181222_160/1545457617436nfl4w_JPEG/mJjOlIoSF3Ml3yxAEnVn96gk.JPG.jpg,청춘제면소
"{'name': None, 'menu': None}","['음식점', '도시락,컵밥']","[126.5204541, 33.5146284]",121370238487670,제주특별자치도 제주시 삼도2동 1098-3,제주시새우리,5148,http://ldb.phinf.naver.net/20170811_74/1502414619217fM3pG_JPEG/UFfvEVBjYqxhgrivwDvdqvJ9.JPG.jpg,제주시 새우리
"{'name': None, 'menu': None}","['일식', '돈가스']","[126.3099019, 33.463046]",380805732769625,제주특별자치도 제주시 애월읍 애월리 2535,애월돈가스집,213,http://ldb.phinf.naver.net/20190430_210/1556592050510bOEwi_JPEG/DpMF4AhpLAlNO4YO0tUUMp_C.JPG.jpg,애월돈가스집
"{'name': '백종원의3대천왕', 'menu': '당근케이크'}","['음식점', '카페,디저트']","[126.7927141, 33.556184]",366772940502443,제주특별자치도 제주시 구좌읍 월정리 417,구좌상회,18563,http://ldb.phinf.naver.net//20170115_45/1484467270781p4awk_JPEG/IMG_1211.JPG,구좌상회
"{'name': None, 'menu': None}","['음식점', '카페,디저트']","[126.7982012, 33.5548625]",643890045959272,제주특별자치도 제주시 구좌읍 월정리 33,스테이솔티,683,http://ldb.phinf.naver.net/20180525_234/1527258389700fIcoF_JPEG/mUYBXOQca0DntlEQEHNBpxow.jpg,스테이솔티
"{'name': None, 'menu': None}","['한식', '향토음식']","[126.8766281, 33.3810062]",1030393476,제주특별자치도 서귀포시 성산읍 신산리 1036-6,산도롱맨도롱,950,http://blogfiles.naver.net/20160326_121/dh2619_1458975791742m4sxV_JPEG/IMG_3146.jpg#5033x3355,산도롱맨도롱
"{'name': None, 'menu': None}","['중식', '중식당']","[126.2648344, 33.4173177]",379454815851458,제주특별자치도 제주시 한림읍 대림리 1818-1,미나마라,149,http://ldb.phinf.naver.net/20180224_233/15194693236075ht2D_JPEG/b1FKMFloLlZDDjiuu7rXpNjW.jpg,미나마라
"{'name': None, 'menu': None}","['한식', '생선회']","[126.466628, 33.506204]",1745467802428466,제주특별자치도 제주시 도두1동 2587-4,도두해녀의집,1465,http://ldb.phinf.naver.net/20170602_233/14963712756551bIpm_PNG/_15.png,도두해녀의집
"{'name': None, 'menu': None}","['카페,디저트', '카페']","[126.3089941, 33.4562633]",414250559108921,제주특별자치도 제주시 애월읍 곽지리 1381,애월더선셋,6895,http://ldb.phinf.naver.net/20160519_108/1463640459836h6qMM_JPEG/176469557758811_0.jpeg,애월더선셋
"{'name': '수요미식회', 'menu': '고사리육개장'}","['한식', '향토음식']","[126.5199625, 33.511525]",655620894,제주특별자치도 제주시 삼도2동 831,우진해장국,10500,http://ldb.phinf.naver.net/20150901_132/1441034191904wRPLQ_JPEG/SUBMIT_1274792647293_13418405.jpg,우진해장국
"{'name': None, 'menu': None}","['한식', '전복요리']","[126.8278637, 33.5428594]",192348971335732,제주특별자치도 제주시 구좌읍 한동리 1388-1,오누이,233,http://ldb.phinf.naver.net/20180109_266/1515496982586wP0Ef_JPEG/7ufR1jBuX67hvvvbLj1YRra2.JPG.jpg,오누이회국수전복돌솥밥
"{'name': None, 'menu': None}","['중식', '중식당']","[126.4977975, 33.4912371]",344113388,제주특별자치도 제주시 연동 311-21,짬뽕에취한날,958,,짬뽕에취한날
"{'name': None, 'menu': None}","['음식점', '브런치']","[126.9328331, 33.4629073]",857981173,제주특별자치도 서귀포시 성산읍 성산리 178-10,윌라라,997,http://ldb.phinf.naver.net/20171222_40/1513933228373SQL6n_JPEG/pqd0dXbl2ineD8VVpiRB9_FR.JPG.jpg,윌라라 Willala
"{'name': None, 'menu': None}","['카페,디저트', '카페']","[126.668567, 33.542511]",1820558734907619,제주특별자치도 제주시 조천읍 함덕리 1004-27,스타벅스 제주함덕점,3138,http://ldb.phinf.naver.net/20151112_294/1447316784020fNqpg_JPEG/167062575643581_0.jpeg,스타벅스 제주함덕점
"{'name': None, 'menu': None}","['양식', '샌드위치']","[126.5249229, 33.5044993]",1019992441,제주특별자치도 제주시 삼도2동 303-8 1층,원더샌드위치,82,http://ldb.phinf.naver.net/20150901_73/1441059382826LWuxw_JPEG/SUBMIT_1429529484677_36305375.jpg,제주 원더샌드위치
"{'name': '생방송투데이', 'menu': '밀면'}","['음식점', '한식']","[126.2541875, 33.2234846]",379995,제주특별자치도 서귀포시 대정읍 하모리 864-3,산방식당,2661,http://ldb.phinf.naver.net/20150901_288/14410377285439NJwD_JPEG/156155406643226_0.jpg,산방식당
"{'name': None, 'menu': None}","['음식점', '한식']","[126.4649852, 33.5054875]",1082923,제주특별자치도 제주시 도두1동 2615-5,순옥이네명가,6106,,순옥이네명가
"{'name': '그린실버고향이좋다', 'menu': '옥돔'}","['한식', '생선회']","[126.749388, 33.287458]",252909344835124,제주특별자치도 서귀포시 남원읍 태흥리 375-3,태흥2리 어촌계횟집,148,http://blogfiles.naver.net/20151218_200/jejumodoo_1450371906682VNj6a_JPEG/IMG_3216.JPG#740x493,태흥2리
"{'name': None, 'menu': None}","['한식', '국수']","[126.5191443, 33.4961115]",2077512852301245,제주특별자치도 제주시 오라1동 2451-5,하르방밀면 운동장점,30,http://ldb.phinf.naver.net/20160217_263/1455689759452ll00o_JPEG/176162557020277_0.jpeg,하르방밀면
"{'name': None, 'menu': None}","['음식점', '한식']","[126.2634206, 33.4165257]",1932334863758256,제주특별자치도 제주시 한림읍 한림리 1314-29,옥만이네,265,http://ldb.phinf.naver.net/20190509_44/1557372971329MGUEl_JPEG/pigFkm3-JrwJjpYW3EMhEQWI.jpg,옥만이네
"{'name': None, 'menu': None}","['음식점', '카페,디저트']","[126.4367212, 33.2369285]",1743589399216828,제주특별자치도 서귀포시 대포동 2384,바다다,56900,http://ldb.phinf.naver.net/20171030_233/1509364912700a25ps_JPEG/jC6q52TN4AzYD7-OA7YybRSZ.jpg,Vadada 바다다
"{'name': '생방송오늘아침', 'menu': '방어코스요리'}","['한식', '생선회']","[126.249786, 33.217637]",597030348,제주특별자치도 서귀포시 대정읍 하모리 770-30,돈방석,149,http://ldb.phinf.naver.net/20150831_235/1441002488640Wh4zo_JPEG/106774548637945_0.jpg,모슬포 돈방석 횟집 수산
"{'name': None, 'menu': None}","['카페,디저트', '카페']","[126.4459454, 33.2665949]",130155820923521,제주특별자치도 서귀포시 회수동 277-1,꽁떼네도르,549,http://ldb.phinf.naver.net/20181027_35/1540622647121o2ROb_JPEG/aDYlowFsIWkAybo-Y1Meh0eN.jpg,꽁떼네도르
"{'name': None, 'menu': None}","['카페,디저트', '카페']","[126.3401863, 33.4685379]",951655404950176,제주특별자치도 제주시 애월읍 고내리 474-1,리치망고 애월본점,4055,http://ldb.phinf.naver.net/20190219_175/1550504142338sKHIv_JPEG/gKh4W-NjS91AqLIzZymCN6bV.jpg,리치망고
"{'name': None, 'menu': None}","['음식점', '한식']","[126.6519104, 33.495961]",386891311704526,제주특별자치도 제주시 조천읍 대흘리 2360,고우니 가든,1,,고우니가든
"{'name': None, 'menu': None}","['카페,디저트', '카페']","[126.4902849, 33.4879785]",3441416,제주특별자치도 제주시 연동 272-19,빠빠라기 신제주점,508,http://blogfiles.naver.net/20160620_150/sksnfl1212_14664171493153yBEw_JPEG/%C1%A6%C1%D6%B5%B5_%BA%F9%BC%F6%B8%C0%C1%FD_%BA%FC%BA%FC%B6%F3%B1%E2_%B9%CE%C6%AE%C3%CA%C4%DA%BA%F9%BC%F6_%282%29.jpg#960x720,빠빠라기
"{'name': None, 'menu': None}","['카페,디저트', '북카페']","[126.5285452, 33.5011008]",1947902578766158,제주특별자치도 제주시 이도1동 1774-19,소설다방,131,http://ldb.phinf.naver.net//20170702_276/1498968904275y89YF_JPEG/IMG_0020.JPG,소설다방
"{'name': '생방송투데이', 'menu': '활우럭조림정식'}","['한식', '향토음식']","[126.4166816, 33.2579895]",444724622545077,제주특별자치도 서귀포시 색달동 2351,고집돌우럭 중문점,5683,http://ldb.phinf.naver.net/20181101_241/15410491833167619t_JPEG/%2815%29.jpg,고집돌우럭중문점
"{'name': None, 'menu': None}","['일식', '일식당']","[126.5890693, 33.5287396]",325602874925106,제주특별자치도 제주시 삼양1동 1775,삼화포구,10,http://blogfiles.naver.net/20160611_2/kimyimi_1465646462692lduWT_JPEG/1465644139672.jpg#900x506,삼화포구
"{'name': None, 'menu': None}","['음식점', '한식']","[126.316646, 33.4643746]",1015276055235440,제주특별자치도 제주시 애월읍 애월리 2113-2,우영담,453,http://blogfiles.naver.net/20160706_240/minju022_1467775088598RQhUh_JPEG/image_5194824371467774815039.jpg#740x555,우영담
"{'name': None, 'menu': None}","['한식', '국수']","[126.8430215, 33.3245983]",870388031,제주특별자치도 서귀포시 표선면 표선리 44-11,당케올레국수,712,,당케올레국수
"{'name': '생방송아침이좋다', 'menu': '땅콩아이스크림'}","['카페,디저트', '아이스크림']","[126.9437353, 33.5026607]",885134162,제주특별자치도 제주시 우도면 연평리 2516-2,우도왕자이야기,1502,,우도왕자이야기
"{'name': None, 'menu': None}","['한식', '소고기구이']","[126.4948595, 33.4885834]",384738428788980,제주특별자치도 제주시 연동 292-57,명호안동갈비,141,http://ldb.phinf.naver.net/20190524_182/1558681431703sEzU5_JPEG/eQFt4bRa6e-JijIWWK7AlwH2.jpg,명호안동갈비
"{'name': None, 'menu': None}","['음식점', '카페,디저트']","[126.4929626, 33.5194849]",167793570590388,제주특별자치도 제주시 용담3동 2319-6,제주설심당 본점,511,http://ldb.phinf.naver.net/20150902_121/1441127780135I3j6M_JPEG/156568504849227_0.jpeg,설심당본점
"{'name': None, 'menu': None}","['음식점', '카페,디저트']","[126.7429637, 33.554635]",2151302548236539,제주특별자치도 제주시 구좌읍 김녕리 3416,브릭스제주,538,http://ldb.phinf.naver.net/20160425_100/1461556028751ecVz7_JPEG/176375527727936_0.jpeg,브릭스제주
"{'name': None, 'menu': None}","['한식', '육류,고기요리']","[126.512266, 33.504003]",1031491495,제주특별자치도 제주시 용담1동 267-29,돈대가,102,http://ldb.phinf.naver.net/20170228_182/1488260824067Rj204_JPEG/1.jpg,돈대가
"{'name': None, 'menu': None}","['음식점', '카페,디저트']","[126.4373227, 33.4928366]",103900596721795,제주특별자치도 제주시 내도동 640-1 1층 카페더문,카페더문,381,http://ldb.phinf.naver.net/20160705_46/1467725338139aWo2v_JPEG/176655625877263_0.jpeg,카페더문
"{'name': None, 'menu': None}","['카페,디저트', '카페']","[126.9189025, 33.4355072]",216502035950332,제주특별자치도 서귀포시 성산읍 고성리 559-16 2층,랜딩커피,321,http://ldb.phinf.naver.net/20190329_103/1553842531173e8zrI_JPEG/GOzyQm0znA48J8QEcj-ENRlW.jpeg.jpg,Landingcoffee
"{'name': None, 'menu': None}","['음식점', '한식']","[126.916714, 33.4476486]",257581971373695,제주특별자치도 서귀포시 성산읍 고성리 352-22,광치기해산물촌,54,http://ldb.phinf.naver.net/20190510_175/1557460509054O3UmC_JPEG/-lIfPR7eP7is1nhQ1MUd7ukF.JPG.jpg,광치기해산물촌
"{'name': None, 'menu': None}","['한식', '국수']","[126.3044097, 33.2443366]",1016098977,제주특별자치도 서귀포시 안덕면 사계리 522-1,거멍국수,1295,http://ldb.phinf.naver.net/20190726_8/1564126620801D3eKK_JPEG/iOCYcZYM2STXjxQC1wTqzUE2.jpg,거멍국수
"{'name': None, 'menu': None}","['음식점', '한식']","[126.5341324, 33.4988341]",201074687109907,제주특별자치도 제주시 이도2동 1136-11,702키친,1382,http://ldb.phinf.naver.net/20190408_209/1554696937936NQMkg_JPEG/s2Hx4poKKuOor7VPkhRurm_e.jpeg.jpg,702키친
"{'name': None, 'menu': None}","['한식', '돼지고기구이']","[126.6793229, 33.5404075]",889242897945112,제주특별자치도 제주시 조천읍 함덕리 산81-1,복자씨연탄구이 함덕점,80,http://ldb.phinf.naver.net/20190629_32/15618096230271827Y_JPEG/1cMhGlTE9lG3id6rGislhI2G.JPG.jpg,복자씨 연탄구이
"{'name': None, 'menu': None}","['음식점', '한식']","[126.8560108, 33.526197]",374589384,제주특별자치도 제주시 구좌읍 세화리 3644-8,재연식당,1025,http://ldb.phinf.naver.net/20181123_273/1542961445610t8TVb_JPEG/LCHcaD5Du4-sQ_X2iWgcuMc8.jpg,재연식당
"{'name': None, 'menu': None}","['음식점', '햄버거']","[126.3087473, 33.2311326]",436334316821723,제주특별자치도 서귀포시 안덕면 사계리 2029-9,버거의 여왕,55,http://ldb.phinf.naver.net/20180513_85/15261762188345gbxt_JPEG/gQ0BvtSEzZ1O7vkKQvLDhaMX.jpg,버거의여왕
"{'name': None, 'menu': None}","['한식', '돼지고기구이']","[126.435012, 33.2392273]",155883134819765,제주특별자치도 서귀포시 대포동 1925-2,흑돈플러스,237,http://ldb.phinf.naver.net/20160725_86/1469450358321D2cku_JPEG/176675616938178_0.jpeg,흑돈플러스
"{'name': None, 'menu': None}","['한식', '해장국']","[126.5407279, 33.5085515]",2060156,제주특별자치도 제주시 일도2동 357-4,은희네해장국,890,http://blogfiles.naver.net/20160302_33/ryanjoh_1456918805542jb1ch_JPEG/L1250899-%BB%E7%BA%BB.jpg#740x462,은희네해장국
"{'name': None, 'menu': None}","['카페,디저트', '아이스크림']","[126.3282044, 33.3476347]",1637281283257320,제주특별자치도 제주시 한림읍 금악리 142-2,우유부단,12200,http://ldb.phinf.naver.net/20160721_216/1469086291111dsjj6_JPEG/176671566147935_1.jpeg,우유부단
"{'name': None, 'menu': None}","['카페,디저트', '카페']","[126.319238, 33.2392344]",420500922056688,제주특별자치도 서귀포시 안덕면 사계리 86,원앤온리,857,http://ldb.phinf.naver.net/20190618_139/1560835511219wvGOW_JPEG/T0qQhAWh4WafucHKHLU3dfIw.jpg,One and only  원앤온리 제주
"{'name': None, 'menu': None}","['음식점', '한식']","[126.537525, 33.4996583]",3283876,제주특별자치도 제주시 이도2동 379-3,남춘식당,928,http://blogfiles.naver.net/20141027_230/kaki127_1414340970747MHlNJ_JPEG/NaverBlog_20141027_012930_04.jpg,남춘식당
"{'name': None, 'menu': None}","['음식점', '카페,디저트']","[126.2648247, 33.388758]",480704959101739,제주특별자치도 제주시 한림읍 명월리 1734,명월국민학교,1691,http://ldb.phinf.naver.net/20181004_107/1538635035299SfXBR_JPEG/oxN6lqLqTcN5gixuPE-dZcHL.jpg,명월국민학교
"{'name': '배틀트립', 'menu': '청귤소바/톳유부초밥/소바롤'}","['한식', '국수']","[126.7105847, 33.4667786]",363531497391589,제주특별자치도 제주시 조천읍 선흘리 547-10,도토리키친,965,http://ldb.phinf.naver.net/20171206_238/151255928260435GcI_JPEG/7QCHY2rGUJp5MaA_2sYegmE7.jpeg.jpg,도토리키친
"{'name': '대박의비밀', 'menu': '전복회'}","['한식', '생선회']","[126.5629028, 33.2465957]",1560727,제주특별자치도 서귀포시 서귀동 496-18,쌍둥이횟집본점,4618,http://ldb.phinf.naver.net/20150831_120/1441026902460nREHL_JPEG/11714447_0.jpg,서귀포 쌍둥이 횟집
"{'name': None, 'menu': None}","['한식', '육류,고기요리']","[126.5060283, 33.2528626]",811064094,제주특별자치도 서귀포시 강정동 172-2,문치비 본점,708,http://ldb.phinf.naver.net/20150901_100/1441042731190vMTXj_JPEG/SUBMIT_1423037118628_36132962.jpg,문치비
"{'name': None, 'menu': None}","['일식', '우동,소바']","[126.5304727, 33.5010855]",360704254394918,제주특별자치도 제주시 이도2동 1176-23,오로라식품,195,,제주침시술소바
"{'name': None, 'menu': None}","['한식', '해물,생선요리']","[126.5285857, 33.4989949]",21676939,제주특별자치도 제주시 이도2동 1769-8,로당,144,http://ldb.phinf.naver.net/20150901_174/1441055206413ySWwU_JPEG/106167544647660_0.jpg,로당
"{'name': None, 'menu': None}","['술집', '이자카야']","[126.5231177, 33.5170248]",811105332,제주특별자치도 제주시 삼도2동 1192-28,미친부엌,4262,http://ldb.phinf.naver.net/20150901_299/1441096808801l8n2K_JPEG/166555518149215_0.jpeg,미친부엌
"{'name': None, 'menu': None}","['음식점', '피자']","[126.3622858, 33.2363048]",294512547557349,제주특별자치도 서귀포시 안덕면 창천리 912,피제리아3657,279,http://ldb.phinf.naver.net/20160803_173/1470199257201jtjvU_JPEG/176753537076108_0.jpeg,피제리아3657
"{'name': None, 'menu': None}","['음식점', '이탈리아음식']","[126.3631066, 33.237425]",1025765567627930,제주특별자치도 서귀포시 안덕면 창천리 901-1,까사디노아,212,http://ldb.phinf.naver.net/20190115_110/1547530219581aVhbV_PNG/tMTrWZ6bL5coQGVs_SukzoDJ.png,Casa Di Noa
"{'name': None, 'menu': None}","['분식', '종합분식']","[126.5089262, 33.4970487]",1905937309495877,제주특별자치도 제주시 오라3동 2250-1,제주김만복 본점,725,http://ldb.phinf.naver.net/20180807_289/1533608287496MWQMz_JPEG/O0p_nVfv2uKpevaANwj1P4g-.JPG.jpg,제주김만복본점
"{'name': None, 'menu': None}","['음식점', '카페,디저트']","[126.5379904, 33.4927655]",686144088201401,제주특별자치도 제주시 이도이동 1994-5,커피주의보,2522,http://ldb.phinf.naver.net//20161102_229/1478012733057WILqT_JPEG/1477904465496.jpg,커피주의보
"{'name': None, 'menu': None}","['음식점', '양식']","[126.5066142, 33.2448132]",653313720,제주특별자치도 서귀포시 법환동 1645-7,그릴데미그라스 제주점,541,http://ldb.phinf.naver.net/20151221_256/1450668094163FE0wY_JPEG/167171525153008_0.jpeg,제주 서귀포 그릴 데미그라스
"{'name': '생방송오늘저녁', 'menu': '한라삼합'}","['한식', '전복요리']","[126.3122449, 33.4621196]",1001834882,제주특별자치도 제주시 애월읍 애월리 2482-1,붉은제주,2570,http://ldb.phinf.naver.net/20180203_54/1517624204363JdpBM_JPEG/bi6KlfqnP9fg8DxVq1Id7TbH.jpg,붉은제주
"{'name': None, 'menu': None}","['음식점', '베트남음식']","[126.540653, 33.4902352]",1413316272072658,제주특별자치도 제주시 이도2동 1979-15 1층,포베이 제주이도점,31,http://ldb.phinf.naver.net/20190320_207/1553063683111QkvoD_JPEG/GLqqgjJ40f6eIc2XbScSNVNp.JPG.jpg,포베이이도점
"{'name': None, 'menu': None}","['음식점', '한식']","[126.8858012, 33.5191146]",2449551038449983,제주특별자치도 제주시 구좌읍 하도리 1544-2,수니테이블,81,http://ldb.phinf.naver.net/20190211_191/1549881471564BHjKE_JPEG/iPwWRgcVsIUIezVW7AgelzKb.jpg,수니테이블
"{'name': None, 'menu': None}","['음식점', '양식']","[126.7912708, 33.5544901]",506477223035772,제주특별자치도 제주시 구좌읍 월정리 348-3,요술식탁,1378,http://ldb.phinf.naver.net/20181225_76/15457086981002RYrA_JPEG/RHY1wxrFQPiAYd00yhTX7Hce.jpeg.jpg,요술식탁
"{'name': '생방송투데이', 'menu': '회국수/성게국수'}","['한식', '국수']","[126.709913, 33.55355]",390465518197869,제주특별자치도 제주시 구좌읍 동복리 1502-1,해녀촌,3035,http://ldb.phinf.naver.net/20151104_165/1446624563573euQMC_JPEG/167054573942105_0.jpg,해녀촌
"{'name': None, 'menu': None}","['카페,디저트', '카페']","[126.7937218, 33.5566899]",1786350938293657,제주특별자치도 제주시 구좌읍 월정리 407,너는 파라다이스 길리,7373,http://ldb.phinf.naver.net/20161206_124/1480984996158d8GON_JPEG/177156497336015_0.jpeg,너는파라다이스길리
"{'name': None, 'menu': None}","['음식점', '한식']","[126.6756927, 33.5388269]",1026872553,제주특별자치도 제주시 조천읍 함덕리 4158-11,안녕제주,842,http://ldb.phinf.naver.net/20180510_113/1525928236776QjPLL_JPEG/-nwuFCOlNdMG7zM280pUzRyh.jpg,안녕제주
"{'name': None, 'menu': None}","['카페,디저트', '베이커리']","[126.6636818, 33.5421383]",2021318294796698,제주특별자치도 제주시 조천읍 함덕리 1250,다니쉬,2687,http://ldb.phinf.naver.net/20181117_17/1542390781726C2jp6_JPEG/1gziXfxJroslSUBaB0jWSDLS.jpeg.jpg,다니쉬
"{'name': None, 'menu': None}","['한식', '해장국']","[126.5228639, 33.511325]",394019077383451,제주특별자치도 제주시 삼도2동 143-2,미풍해장국,252,http://ldb.phinf.naver.net/20150831_192/1440987376645CXRBA_JPEG/10977589_0.jpg,미풍해장국
"{'name': None, 'menu': None}","['한식', '돼지고기구이']","[126.560982, 33.249893]",35036590,제주특별자치도 서귀포시 서귀동 295-3,웅담식당,444,http://ldb.phinf.naver.net/20150831_297/1440991711718qsj1H_JPEG/11877729_0.jpg,웅담식당
"{'name': '생생정보통', 'menu': '땅콩아이스크림'}","['음식점', '햄버거']","[126.948596, 33.5208929]",244378262,제주특별자치도 제주시 우도면 연평리 859,하하호호,5158,http://ldb.phinf.naver.net/20181021_14/1540095256208pVVRQ_JPEG/54w4CUxSeuJmSp-9gjV2l4ji.jpg,우도 하하호호 카페
"{'name': None, 'menu': None}","['음식점', '한식']","[126.4301768, 33.2492273]",228959161,제주특별자치도 서귀포시 중문동 2446-1,조선해장국,427,http://ldb.phinf.naver.net/20161017_104/1476692904464IaN84_JPEG/176967575843727_0.jpeg,덕성원
"{'name': '식신로드1', 'menu': '가브리살'}","['한식', '돼지고기구이']","[126.4867625, 33.4837429]",170778984,제주특별자치도 제주시 연동 256,연정식당,2748,http://ldb.phinf.naver.net/20180822_209/1534897199161BuvDX_JPEG/5yIaJU-mj98cnz-ar36WVyyx.jpg,연정식당
"{'name': '맛있는녀석들', 'menu': '김밥'}","['분식', '김밥']","[126.5676392, 33.2496]",5729068,제주특별자치도 서귀포시 서귀동 254-6,오는정김밥,5800,http://ldb.phinf.naver.net/20151114_3/1447431541072V3bel_JPEG/167064414920165_0.jpg,오는정 김밥
"{'name': None, 'menu': None}","['음식점', '이탈리아음식']","[126.4292376, 33.4844293]",2242397865781188,제주특별자치도 제주시 외도1동 643-11,핏제리아 마노,259,http://ldb.phinf.naver.net/20190104_250/1546582946348RqHJ2_JPEG/f3q52rqdhT0gn7BvqGNfr7Ez.jpg,Pizzeria Mano
"{'name': '6시내고향', 'menu': '통갈치구이'}","['한식', '향토음식']","[126.4146557, 33.2556976]",266550847481266,제주특별자치도 서귀포시 색달동 2507-1,제주오성,198,http://ldb.phinf.naver.net/20180724_213/1532403823409rHgdU_JPEG/5Z6LKmA0Zkaef0i_m_N3Mfth.JPG.jpg,제주오성
"{'name': None, 'menu': None}","['일식', '일본식라면']","[126.5459662, 33.4753388]",322049768460748,제주특별자치도 제주시 아라일동 6106,치치멘,97,http://ldb.phinf.naver.net/20190514_148/15578281681055VEE7_JPEG/0m5uZgEPzMKTRkQzS9eElFDw.jpeg.jpg,치치멘
"{'name': '수요미식회', 'menu': '자작냉우동'}","['일식', '일식당']","[126.2424591, 33.3966549]",335500335,제주특별자치도 제주시 한림읍 협재리 1706-1,수우동,11900,http://ldb.phinf.naver.net/20181211_73/15445233023164V8ro_JPEG/XIb_4sbfGWqwsgoRCg2IXbsW.jpg,협재 수우동
"{'name': '생방송오늘저녁', 'menu': '고기국수/성게전복국수/회국수'}","['한식', '국수']","[126.4059718, 33.2585141]",300721102,제주특별자치도 서귀포시 색달동 2130,국수바다본점,3691,http://ldb.phinf.naver.net/20150824_50/1440384411370Fn8Bu_JPEG/SUBMIT_1440384391892_35372610.jpg,국수바다
"{'name': '알쓸신잡2', 'menu': '돔베고기'}","['한식', '국수']","[126.9180866, 33.4386421]",331315560,제주특별자치도 서귀포시 성산읍 고성리 528-2,가시아방국수,7739,http://blogfiles.naver.net/20161018_50/bastianchoi_1476801178692eja8R_JPEG/20161009_113143.jpg#5312x2988,가시아방
"{'name': None, 'menu': None}","['양식', '샌드위치']","[126.6628808, 33.5427411]",371908613312224,제주특별자치도 제주시 조천읍 함덕리 1233,도로록,515,,도로록
"{'name': '좋은아침', 'menu': '문어라면'}","['분식', '라면']","[126.3102121, 33.4624776]",130491352,제주특별자치도 제주시 애월읍 애월리 2530,놀맨,8603,http://ldb.phinf.naver.net/20151104_215/1446624320861Snnnw_JPEG/167054573539376_0.jpg,Nolman
"{'name': None, 'menu': None}","['한식', '해물,생선요리']","[126.6425717, 33.2664412]",1729238,제주특별자치도 서귀포시 남원읍 신례리 27-5,공천포식당,2019,http://blogfiles.naver.net/20160217_237/apple71370_1455713505491Un34D_JPEG/IMG_4000.jpg#900x675,공천포 식당
"{'name': None, 'menu': None}","['음식점', '카페,디저트']","[126.5406422, 33.4730593]",375917692961783,제주특별자치도 제주시 아라1동 6053-1,무아시스,91,http://ldb.phinf.naver.net/20190127_293/1548557635305JC5w4_JPEG/N7ISxhxTCA5VUX3jV3Ui9yUN.jpg,무아시스
"{'name': None, 'menu': None}","['한식', '육류,고기요리']","[126.5295962, 33.5110154]",1020875242,제주특별자치도 제주시 일도2동 1028-32,오현불백,328,http://blogfiles.naver.net/20160528_94/yesjuns_1464437056482bjCFS_JPEG/IMG_5484.JPG#900x675,오현불백
"{'name': None, 'menu': None}","['한식', '낙지요리']","[126.4947052, 33.4888269]",567323463729090,제주특별자치도 제주시 연동 292-36,시골길,148,http://blogfiles.naver.net/20160216_239/010am_1455551483732rzKCt_JPEG/NaverBlog_20160216_005123_17.jpg#480x321,시골길
"{'name': None, 'menu': None}","['분식', '김밥']","[126.506213, 33.2325281]",1029513307,제주특별자치도 서귀포시 강정동 707-2 1층,제주김만복 서귀포점,12943,http://ldb.phinf.naver.net/20190710_296/1562743919877YPHfl_JPEG/V1V2R2A2yQghf3WNy62ucIqm.JPG.jpg,제주김만복
"{'name': None, 'menu': None}","['일식', '돈가스']","[126.5453698, 33.4935151]",386836433,제주특별자치도 제주시 이도2동 1962-8 1층 촵촵,촵촵,599,http://ldb.phinf.naver.net/20190512_206/155763433904376omW_JPEG/KdbQV_z-qU0-Ua-cJfRqemij.jpeg.jpg,촵촵  Chwap Chwap
"{'name': None, 'menu': None}","['음식점', '양식']","[126.3301156, 33.4407938]",2007996132751409,제주특별자치도 제주시 애월읍 납읍리 1816-1,애월늘,1688,http://ldb.phinf.naver.net/20180617_209/1529168438788Tmclt_JPEG/18MmZ-7Q6jmMitYXp3ZmKfbI.jpg,애월늘
"{'name': None, 'menu': None}","['한식', '육류,고기요리']","[126.4802602, 33.4749606]",550143,제주특별자치도 제주시 노형동 668,흑돼지가있는풍경 본점,1329,http://ldb.phinf.naver.net/20151020_176/1445309959018yekHW_JPEG/166970518938432_0.jpg,흑돼지가있는풍경
"{'name': None, 'menu': None}","['한식', '한정식']","[126.411942, 33.4893709]",1889920137821313,제주특별자치도 제주시 애월읍 하귀1리 379-1 1층,어머니의뜻을담다 단지,188,http://ldb.phinf.naver.net/20190503_16/1556884158834bOjIW_JPEG/hti8YKHc31UOF_Uw9vT2mX8V.jpeg.jpg,제주 한식당 단지
"{'name': None, 'menu': None}","['음식점', '카페,디저트']","[126.7705888, 33.3009679]",694319217431626,제주특별자치도 서귀포시 남원읍 신흥리 125-6,그리울땐제주,3427,http://ldb.phinf.naver.net/20190104_108/15465701922308UUBx_JPEG/8LwEl1sq3Tj5W4mfUnpRf-uN.jpg,그리울땐 제주
"{'name': None, 'menu': None}","['음식점', '카페,디저트']","[126.5472203, 33.5066291]",669313283274903,제주특별자치도 제주시 건입동 89-1,텀,404,http://ldb.phinf.naver.net/20190615_21/1560573113969G3Ej6_JPEG/3mguqiArRl5cJ9g0HBACVIAs.jpeg.jpg,텀 카페
"{'name': None, 'menu': None}","['음식점', '카페,디저트']","[126.2629111, 33.4105535]",1378201142248279,제주특별자치도 제주시 한림읍 한림리 1534-12,한림과자점,251,http://ldb.phinf.naver.net/20170522_24/1495434119174f6Q6o_JPEG/186472555179.JPG,한림과자점
"{'name': None, 'menu': None}","['음식점', '햄버거']","[126.7906413, 33.554369]",176472729686626,제주특별자치도 제주시 구좌읍 월정리 878,뉴스보이버거펍제주,532,http://ldb.phinf.naver.net/20180629_237/1530244071214PcImW_JPEG/ivuG1z2-SexrzPLUCrsFl-aS.jpeg.jpg,뉴스보이버거펍제주newsboyburgerpubjeju
"{'name': None, 'menu': None}","['카페,디저트', '카페']","[126.4918614, 33.4705491]",236895106,제주특별자치도 제주시 연동 978,엔제리너스 한라수목원점,7047,http://ldb.phinf.naver.net/20190428_67/1556442084922Rh4Wj_JPEG/8A0ETqK6WohDAKye83rgcVa_.jpeg.jpg,제주한라수목원♥
"{'name': None, 'menu': None}","['음식점', '브런치']","[126.3105502, 33.2341856]",446694015715028,제주특별자치도 서귀포시 안덕면 사계리 125-1,지미526,41,http://ldb.phinf.naver.net/20180917_36/1537171272413PqcCz_JPEG/znsDUn_cii77Agm9qzYTQXa5.jpg,Jimmy 526
"{'name': None, 'menu': None}","['음식점', '한식']","[126.2445187, 33.3968428]",621940471296123,제주특별자치도 제주시 한림읍 협재리 1908-2,협재칼국수,1004,http://ldb.phinf.naver.net/20190718_298/1563425546185Vt9fl_JPEG/vCqf7hdL4NoLB7AkrmDI27g-.JPG.jpg,협재칼국수
"{'name': None, 'menu': None}","['음식점', '카페,디저트']","[126.853821, 33.3727863]",186404608847343,제주특별자치도 서귀포시 성산읍 삼달리 437-1,cafe148,1066,http://ldb.phinf.naver.net/20181011_272/1539246343845POCmz_JPEG/7lCwFUloH0MlYE7-d86QIzQ7.jpg,Cafe148
"{'name': None, 'menu': None}","['음식점', '한식']","[126.5286907, 33.4997346]",276033182844099,제주특별자치도 제주시 이도2동 1771-1,맵수다시청점,59,,맵수다
"{'name': '맛있는녀석들', 'menu': '갈치구이'}","['한식', '해물,생선요리']","[126.3705371, 33.2645444]",818221615,제주특별자치도 서귀포시 안덕면 창천리 160-4,춘심이네 본점,10500,http://ldb.phinf.naver.net/20170420_142/1492669745170hI7cL_JPEG/186370555924049_0.jpeg,춘심이네 본점
"{'name': None, 'menu': None}","['한식', '해물,생선요리']","[126.8453542, 33.3264896]",2178740062456179,제주특별자치도 서귀포시 표선면 표선리 45-3,갈치어장,9,http://ldb.phinf.naver.net/20180214_260/1518568453191RGQzt_JPEG/qNX0EOKUowRiqcSwqRXuyFou.jpg,갈치어장
"{'name': None, 'menu': None}","['음식점', '한식']","[126.7957967, 33.5552795]",2071591216444082,제주특별자치도 제주시 구좌읍 월정리 523-1,모닥불,439,,월정리모닥불
"{'name': None, 'menu': None}","['음식점', '한식']","[126.7206057, 33.55687]",285273877,제주특별자치도 제주시 구좌읍 동복리 667-1,곰막,958,http://ldb.phinf.naver.net/20160810_151/14707902829492srbV_JPEG/176760498142032_0.jpeg,곰막 횟집
"{'name': '6시내고향', 'menu': '수제차'}","['카페,디저트', '카페']","[126.8598728, 33.5246476]",299853685,제주특별자치도 제주시 구좌읍 세화리 1477-4,카페공작소,17100,http://ldb.phinf.naver.net/20190630_172/1561844332911gpHxS_JPEG/YNw5o_FYct8HljC0zHyuhoYa.jpeg.jpg,제주도 카페공작소
"{'name': None, 'menu': None}","['음식점', '한식']","[126.2674671, 33.3165398]",911823303,제주특별자치도 제주시 한경면 저지리 3174,알동네집,466,http://blogfiles.naver.net/20160704_108/hib87_14676151896261CRw3_JPEG/image_9626159881467615103634.jpg#700x525,알동네집
"{'name': '식신로드1', 'menu': '냄비토종닭'}","['한식', '닭요리']","[126.5262937, 33.2405746]",725184318,제주특별자치도 서귀포시 서호동 85,속골,2436,http://blogfiles.naver.net/20150831_39/keemagness_1440989746540FtQvN_JPEG/P20150829_160925245_ABFDC32D-8C06-4507-B823-E3FFD7B913D1.JPG#640x640,속골
"{'name': None, 'menu': None}","['카페,디저트', '카페']","[126.6332726, 33.4939485]",1486192188130882,제주특별자치도 제주시 조천읍 와흘리 1908,트라인커피,2627,http://ldb.phinf.naver.net/20180710_195/1531193716064iwFnD_JPEG/3VsOZJMPNhkZAoCoQcxBkj-f.jpg,트라인커피
"{'name': None, 'menu': None}","['음식점', '한식']","[126.854462, 33.5257597]",603568410014432,제주특별자치도 제주시 구좌읍 세화리 3645-2,제주 달고둥,51,http://ldb.phinf.naver.net/20190624_127/1561364160011sv1F4_JPEG/k5xINpvjki6pG2k-QhG0uuBd.jpg,제주달고둥
"{'name': None, 'menu': None}","['음식점', '한식']","[126.2707632, 33.3191114]",1021264715,제주특별자치도 제주시 한경면 저지리 3118-1,물통식당,157,http://ldb.phinf.naver.net/20190119_180/1547902723401qt6yv_JPEG/1kZMy85bbNrpNuTFwKWuDhLv.jpg,물통식당
"{'name': None, 'menu': None}","['한식', '한정식']","[126.4720429, 33.4920165]",724616751047686,제주특별자치도 제주시 노형동 2737,탑해장국,337,http://ldb.phinf.naver.net/20180306_14/1520296054136PeVig_JPEG/boP1H2zfW_82fPAUAMYhABUq.jpg,탑해장국
"{'name': None, 'menu': None}","['음식점', '멕시코,남미음식']","[126.3401789, 33.4687446]",1775263152748212,제주특별자치도 제주시 애월읍 고내리 473,Las Tortas,1472,http://ldb.phinf.naver.net/20180705_186/1530755465036qBmOq_JPEG/J3dqzuegH_gBpjTz5M6lscbY.jpg,라스또르따스
"{'name': None, 'menu': None}","['음식점', '한식']","[126.5185308, 33.5119703]",2556178901123372,제주특별자치도 제주시 용담1동 144-24,제주오복동,24,http://ldb.phinf.naver.net/20190621_150/1561105425368HIiaP_JPEG/k7dPdnnM0LRUByTrzt1JOqb3.JPG.jpg,제주오복동
"{'name': None, 'menu': None}","['음식점', '한식']","[126.9160349, 33.4485941]",332996741,제주특별자치도 서귀포시 성산읍 고성리 316-9,맛나식당,2931,http://ldb.phinf.naver.net/20150831_75/1441020535072vfcGv_JPEG/156155407849152_0.jpg,제주 맛나식당
"{'name': None, 'menu': None}","['음식점', '한식']","[126.3084514, 33.2357572]",616815975,제주특별자치도 서귀포시 안덕면 사계리 230,유앤아이,46,http://ldb.phinf.naver.net/20181130_69/1543545608525C30xW_JPEG/4HCp7uMvio9BX8Da3AJ1TyWW.jpg,제주 서귀포 유앤아이
"{'name': None, 'menu': None}","['한식', '생선회']","[126.2439185, 33.3988746]",136590370,제주특별자치도 제주시 한림읍 협재리 1459-2,협재해녀의집,2409,http://ldb.phinf.naver.net/20151104_284/1446629797457A6gj5_JPEG/167054586656050_0.jpg,협재해녀의 집
"{'name': None, 'menu': None}","['음식점', '한식']","[126.5290852, 33.5169088]",267408528,제주특별자치도 제주시 건입동 1319-14,물항식당본점,550,,물항식당
"{'name': '모닝와이드', 'menu': '해물탕'}","['한식', '향토음식']","[126.3387669, 33.2455249]",356023681548278,제주특별자치도 서귀포시 안덕면 화순리 421-1,산방산초가집,25,http://ldb.phinf.naver.net/20180813_81/1534130746524OtcDN_JPEG/9jujQoCgKnKYNZp4pYLowgtt.jpg,산방산 초가집
"{'name': None, 'menu': None}","['중식', '양꼬치']","[126.5298463, 33.4986294]",192147738109976,제주특별자치도 제주시 이도2동 1768-30,화산양꼬치 2호점,54,http://ldb.phinf.naver.net/20180527_179/15274264158784N1GI_JPEG/Saq1r-GGAQD5dU4yQ76smVRC.jpeg.jpg,화산양꼬치2호점
"{'name': None, 'menu': None}","['한식', '해물,생선요리']","[126.9172145, 33.4384863]",566344300488425,제주특별자치도 서귀포시 성산읍 고성리 524-2,해왓,117,http://ldb.phinf.naver.net/20180926_35/1537952168983rOqC0_JPEG/Du4zfiT0LNe_99ZSHLTtTx8S.jpeg.jpg,해왓
"{'name': None, 'menu': None}","['카페,디저트', '카페']","[126.4877374, 33.4716277]",2230682403686726,제주특별자치도 제주시 연동 1326,볕이드는곳벧디,301,http://ldb.phinf.naver.net/20190210_45/1549789871036FWoFr_JPEG/cnLO_IUCstTZojxrM51Zs8b0.jpg,벧디
"{'name': None, 'menu': None}","['음식점', '카페,디저트']","[126.5213576, 33.5123884]",755461578,제주특별자치도 제주시 삼도2동 967,쌀다방,10800,http://blogfiles.naver.net/20151109_279/sungsansunrise_1447049863255Hb5Dz_JPEG/20151109_150827.jpg#740x416,쌀다방
"{'name': None, 'menu': None}","['음식점', '카페,디저트']","[126.8063816, 33.5563825]",1176679462376984,제주특별자치도 제주시 구좌읍 행원리 1485,그초록,7636,http://ldb.phinf.naver.net//20170723_296/1500778757979g4CI2_JPEG/IMG_0108.JPG,그초록
"{'name': None, 'menu': None}","['한식', '감자탕']","[126.6661753, 33.541817]",390644388138014,제주특별자치도 제주시 조천읍 함덕리 1270-2,기쁨이네감자탕,28,http://ldb.phinf.naver.net/20180713_233/1531443081740elzcU_JPEG/VILP6pgv2JGXqL2vWA8y2bWg.jpg,기쁨이네 감자탕
"{'name': None, 'menu': None}","['한식', '육류,고기요리']","[126.5674729, 33.2461292]",537223376800139,제주특별자치도 서귀포시 서귀동 154,오돈가,127,http://ldb.phinf.naver.net/20190728_196/1564250220207we62p_JPEG/s1WrTOcOiS3himBdan5-YtKf.jpg,오돈가
"{'name': None, 'menu': None}","['일식', '돈가스']","[126.2443385, 33.3973875]",204630970106391,제주특별자치도 제주시 한림읍 협재리 1631,수돈가스,837,http://ldb.phinf.naver.net/20171214_131/1513210105643oKjLL_JPEG/9Bkqfz0YUTsJv1XYcq6lD-Bn.jpg,협재 수돈가스
"{'name': None, 'menu': None}","['술집', '이자카야']","[126.3025329, 33.4479949]",430134067532464,제주특별자치도 제주시 애월읍 금성리 467,우미노식탁,77,http://ldb.phinf.naver.net/20190515_42/1557916576707jcmF7_JPEG/pUoptjJecs9jx05SEdM63SWC.jpg,우미노식탁
"{'name': None, 'menu': None}","['한식', '돼지고기구이']","[126.4199379, 33.253739]",306286790306829,제주특별자치도 서귀포시 중문동 1493-1,고기정류장,93,http://ldb.phinf.naver.net/20190617_287/1560754746919afgBg_JPEG/RHYOMG0kOyO1jh-oheUg24cn.jpg,고기정류장
"{'name': None, 'menu': None}","['한식', '돼지고기구이']","[126.4363757, 33.4834505]",347298825829677,제주특별자치도 제주시 외도1동 125-8,돈사촌 외도점,140,http://ldb.phinf.naver.net/20170414_39/1492137479107cXLAB_JPEG/186364516778046_0.jpeg,돈사촌
"{'name': None, 'menu': None}","['음식점', '카페,디저트']","[126.2167666, 33.3787673]",276652806212328,제주특별자치도 제주시 한림읍 월령리 317,카페월령,62,http://ldb.phinf.naver.net/20181016_81/1539667606790kzp81_JPEG/kuYXD1E1eNSAMhJBMm7dpTiL.jpg,카페월령
"{'name': None, 'menu': None}","['한식', '돼지고기구이']","[126.3708825, 33.2345879]",1749387858700404,제주특별자치도 서귀포시 하예동 1798-4,난드르바당,452,http://ldb.phinf.naver.net/20160614_219/1465866913108SJJcF_JPEG/176557568847031_0.jpeg,난드르바당
"{'name': '맛있을지도', 'menu': '통갈치구이'}","['한식', '한정식']","[126.4134797, 33.257612]",325202529,제주특별자치도 서귀포시 색달동 2276-5,색달식당 중문본점,453,http://ldb.phinf.naver.net/20181201_155/1543656355277Re5YO_JPEG/P6L2jvip8hHuMSrPwi6pWgRG.jpg,색달식당
"{'name': None, 'menu': None}","['술집', '바(BAR)']","[126.8652234, 33.5249115]",340951953087664,제주특별자치도 제주시 구좌읍 하도리 3359-44,세화마구간,720,http://ldb.phinf.naver.net/20180622_204/1529596185634gctkE_JPEG/ave-TTy8ifgI4UInNGrdCm2T.JPG.jpg,세화마구간
"{'name': None, 'menu': None}","['일식', '일식당']","[126.3777605, 33.4757002]",317606968653366,제주특별자치도 제주시 애월읍 구엄리 893,쿠오모 제주,1625,http://ldb.phinf.naver.net/20181110_131/1541827681504g3hqe_JPEG/MV2wCDGqTBRHAh-PgQd4JP1F.jpeg.jpg,쿠오모제주
"{'name': '생방송오늘저녁', 'menu': '갈비초밥'}","['한식', '돼지고기구이']","[126.7968175, 33.5548342]",157135378370755,제주특별자치도 제주시 구좌읍 월정리 8-1,월정리갈비밥,1801,http://ldb.phinf.naver.net/20160620_70/1466382252568GUlBj_JPEG/176570495431312_0.jpeg,월정리갈비밥
"{'name': None, 'menu': None}","['음식점', '한식']","[126.5050953, 33.4817102]",434933730373766,제주특별자치도 제주시 오라2동 3100-3,연북로해물탕,39,http://ldb.phinf.naver.net/20180109_299/1515464423029Ojs3p_JPEG/Ei04XaHs_CxmjD4h7jKvsj4s.jpg,연북로해물탕
"{'name': None, 'menu': None}","['음식점', '카페,디저트']","[126.8788649, 33.5288597]",214610619103435,제주특별자치도 제주시 구좌읍 하도리 1890-2,카페록록,3249,http://ldb.phinf.naver.net/20190105_131/1546669955909yvgfD_JPEG/nzP5ys1mi132-7_3aHAYjmCS.jpg,카페록록 Loklok
"{'name': None, 'menu': None}","['음식점','한식']","[126.2952968, 33.4442193]",478237314,제주특별자치도 제주시 한림읍 귀덕리 1005,큰여,22,,큰여
